state_name,year,disease,cases
ALABAMA,1966,HEPATITIS A,321
ALABAMA,1967,HEPATITIS A,291
ALABAMA,1968,HEPATITIS A,314
ALABAMA,1969,HEPATITIS A,380
ALABAMA,1970,HEPATITIS A,413
ALABAMA,1971,HEPATITIS A,378
ALABAMA,1972,HEPATITIS A,342
ALABAMA,1973,HEPATITIS A,467
ALABAMA,1974,HEPATITIS A,244
ALABAMA,1975,HEPATITIS A,286
ALABAMA,1976,HEPATITIS A,220
ALABAMA,1977,HEPATITIS A,206
ALABAMA,1978,HEPATITIS A,203
ALABAMA,1979,HEPATITIS A,257
ALABAMA,1980,HEPATITIS A,200
ALABAMA,1981,HEPATITIS A,138
ALABAMA,1982,HEPATITIS A,128
ALABAMA,1983,HEPATITIS A,178
ALABAMA,1984,HEPATITIS A,115
ALABAMA,1985,HEPATITIS A,37
ALABAMA,1986,HEPATITIS A,51
ALABAMA,1987,HEPATITIS A,81
ALABAMA,1988,HEPATITIS A,13
ALABAMA,1989,HEPATITIS A,56
ALABAMA,1990,HEPATITIS A,86
ALABAMA,1991,HEPATITIS A,39
ALABAMA,1992,HEPATITIS A,35
ALABAMA,1993,HEPATITIS A,40
ALABAMA,1994,HEPATITIS A,72
ALABAMA,1995,HEPATITIS A,75
ALABAMA,1996,HEPATITIS A,196
ALABAMA,1997,HEPATITIS A,40
ALABAMA,1998,HEPATITIS A,64
ALABAMA,1999,HEPATITIS A,52
ALABAMA,2000,HEPATITIS A,53
ALABAMA,2001,HEPATITIS A,66
ALABAMA,2002,HEPATITIS A,35
ALABAMA,2003,HEPATITIS A,14
ALABAMA,2004,HEPATITIS A,6
ALABAMA,2005,HEPATITIS A,34
ALABAMA,2006,HEPATITIS A,17
ALABAMA,2007,HEPATITIS A,20
ALABAMA,2008,HEPATITIS A,10
ALABAMA,2009,HEPATITIS A,10
ALABAMA,2010,HEPATITIS A,8
ALABAMA,2011,HEPATITIS A,7
ALASKA,1966,HEPATITIS A,90
ALASKA,1967,HEPATITIS A,39
ALASKA,1968,HEPATITIS A,84
ALASKA,1969,HEPATITIS A,63
ALASKA,1970,HEPATITIS A,113
ALASKA,1971,HEPATITIS A,96
ALASKA,1972,HEPATITIS A,199
ALASKA,1973,HEPATITIS A,225
ALASKA,1974,HEPATITIS A,248
ALASKA,1975,HEPATITIS A,409
ALASKA,1976,HEPATITIS A,1094
ALASKA,1977,HEPATITIS A,551
ALASKA,1978,HEPATITIS A,125
ALASKA,1979,HEPATITIS A,61
ALASKA,1980,HEPATITIS A,18
ALASKA,1981,HEPATITIS A,45
ALASKA,1982,HEPATITIS A,17
ALASKA,1983,HEPATITIS A,43
ALASKA,1984,HEPATITIS A,14
ALASKA,1985,HEPATITIS A,18
ALASKA,1986,HEPATITIS A,66
ALASKA,1987,HEPATITIS A,240
ALASKA,1988,HEPATITIS A,268
ALASKA,1989,HEPATITIS A,494
ALASKA,1990,HEPATITIS A,167
ALASKA,1991,HEPATITIS A,80
ALASKA,1992,HEPATITIS A,65
ALASKA,1993,HEPATITIS A,374
ALASKA,1994,HEPATITIS A,163
ALASKA,1995,HEPATITIS A,38
ALASKA,1996,HEPATITIS A,46
ALASKA,1997,HEPATITIS A,20
ALASKA,1998,HEPATITIS A,6
ALASKA,1999,HEPATITIS A,7
ALASKA,2000,HEPATITIS A,8
ALASKA,2001,HEPATITIS A,10
ALASKA,2002,HEPATITIS A,11
ALASKA,2003,HEPATITIS A,8
ALASKA,2004,HEPATITIS A,4
ALASKA,2005,HEPATITIS A,3
ALASKA,2007,HEPATITIS A,3
ALASKA,2008,HEPATITIS A,3
ALASKA,2009,HEPATITIS A,6
ALASKA,2010,HEPATITIS A,4
ALASKA,2011,HEPATITIS A,1
ARIZONA,1966,HEPATITIS A,415
ARIZONA,1967,HEPATITIS A,390
ARIZONA,1968,HEPATITIS A,425
ARIZONA,1969,HEPATITIS A,528
ARIZONA,1970,HEPATITIS A,615
ARIZONA,1971,HEPATITIS A,896
ARIZONA,1972,HEPATITIS A,660
ARIZONA,1973,HEPATITIS A,160
ARIZONA,1974,HEPATITIS A,512
ARIZONA,1975,HEPATITIS A,437
ARIZONA,1976,HEPATITIS A,560
ARIZONA,1977,HEPATITIS A,929
ARIZONA,1978,HEPATITIS A,1137
ARIZONA,1979,HEPATITIS A,1788
ARIZONA,1980,HEPATITIS A,635
ARIZONA,1981,HEPATITIS A,434
ARIZONA,1982,HEPATITIS A,514
ARIZONA,1983,HEPATITIS A,845
ARIZONA,1984,HEPATITIS A,721
ARIZONA,1985,HEPATITIS A,1013
ARIZONA,1986,HEPATITIS A,1015
ARIZONA,1987,HEPATITIS A,1925
ARIZONA,1988,HEPATITIS A,972
ARIZONA,1989,HEPATITIS A,2009
ARIZONA,1990,HEPATITIS A,1645
ARIZONA,1991,HEPATITIS A,837
ARIZONA,1992,HEPATITIS A,761
ARIZONA,1993,HEPATITIS A,662
ARIZONA,1994,HEPATITIS A,934
ARIZONA,1995,HEPATITIS A,990
ARIZONA,1996,HEPATITIS A,1397
ARIZONA,1997,HEPATITIS A,1078
ARIZONA,1998,HEPATITIS A,1224
ARIZONA,1999,HEPATITIS A,601
ARIZONA,2000,HEPATITIS A,399
ARIZONA,2001,HEPATITIS A,341
ARIZONA,2002,HEPATITIS A,313
ARIZONA,2003,HEPATITIS A,237
ARIZONA,2004,HEPATITIS A,210
ARIZONA,2005,HEPATITIS A,240
ARIZONA,2006,HEPATITIS A,69
ARIZONA,2007,HEPATITIS A,163
ARIZONA,2008,HEPATITIS A,101
ARIZONA,2009,HEPATITIS A,72
ARIZONA,2010,HEPATITIS A,72
ARIZONA,2011,HEPATITIS A,19
ARKANSAS,1966,HEPATITIS A,299
ARKANSAS,1967,HEPATITIS A,295
ARKANSAS,1968,HEPATITIS A,166
ARKANSAS,1969,HEPATITIS A,189
ARKANSAS,1970,HEPATITIS A,212
ARKANSAS,1971,HEPATITIS A,236
ARKANSAS,1972,HEPATITIS A,278
ARKANSAS,1973,HEPATITIS A,141
ARKANSAS,1974,HEPATITIS A,444
ARKANSAS,1975,HEPATITIS A,409
ARKANSAS,1976,HEPATITIS A,449
ARKANSAS,1977,HEPATITIS A,406
ARKANSAS,1978,HEPATITIS A,204
ARKANSAS,1979,HEPATITIS A,260
ARKANSAS,1980,HEPATITIS A,240
ARKANSAS,1981,HEPATITIS A,215
ARKANSAS,1982,HEPATITIS A,74
ARKANSAS,1983,HEPATITIS A,57
ARKANSAS,1984,HEPATITIS A,98
ARKANSAS,1985,HEPATITIS A,46
ARKANSAS,1986,HEPATITIS A,87
ARKANSAS,1987,HEPATITIS A,191
ARKANSAS,1988,HEPATITIS A,135
ARKANSAS,1989,HEPATITIS A,167
ARKANSAS,1990,HEPATITIS A,420
ARKANSAS,1991,HEPATITIS A,163
ARKANSAS,1992,HEPATITIS A,83
ARKANSAS,1993,HEPATITIS A,29
ARKANSAS,1994,HEPATITIS A,85
ARKANSAS,1995,HEPATITIS A,425
ARKANSAS,1996,HEPATITIS A,446
ARKANSAS,1997,HEPATITIS A,88
ARKANSAS,1998,HEPATITIS A,63
ARKANSAS,1999,HEPATITIS A,62
ARKANSAS,2000,HEPATITIS A,95
ARKANSAS,2001,HEPATITIS A,58
ARKANSAS,2002,HEPATITIS A,50
ARKANSAS,2003,HEPATITIS A,17
ARKANSAS,2004,HEPATITIS A,52
ARKANSAS,2005,HEPATITIS A,17
ARKANSAS,2006,HEPATITIS A,23
ARKANSAS,2007,HEPATITIS A,11
ARKANSAS,2008,HEPATITIS A,4
ARKANSAS,2009,HEPATITIS A,5
ARKANSAS,2010,HEPATITIS A,0
ARKANSAS,2011,HEPATITIS A,0
CALIFORNIA,1966,HEPATITIS A,5933
CALIFORNIA,1967,HEPATITIS A,7480
CALIFORNIA,1968,HEPATITIS A,10821
CALIFORNIA,1969,HEPATITIS A,9051
CALIFORNIA,1970,HEPATITIS A,9422
CALIFORNIA,1971,HEPATITIS A,9623
CALIFORNIA,1972,HEPATITIS A,7190
CALIFORNIA,1973,HEPATITIS A,6875
CALIFORNIA,1974,HEPATITIS A,5547
CALIFORNIA,1975,HEPATITIS A,5134
CALIFORNIA,1976,HEPATITIS A,5590
CALIFORNIA,1977,HEPATITIS A,4741
CALIFORNIA,1978,HEPATITIS A,4301
CALIFORNIA,1979,HEPATITIS A,4101
CALIFORNIA,1980,HEPATITIS A,3673
CALIFORNIA,1981,HEPATITIS A,5147
CALIFORNIA,1982,HEPATITIS A,3726
CALIFORNIA,1983,HEPATITIS A,3922
CALIFORNIA,1984,HEPATITIS A,6021
CALIFORNIA,1985,HEPATITIS A,5371
CALIFORNIA,1986,HEPATITIS A,5802
CALIFORNIA,1987,HEPATITIS A,5956
CALIFORNIA,1988,HEPATITIS A,2717
CALIFORNIA,1989,HEPATITIS A,4692
CALIFORNIA,1990,HEPATITIS A,4870
CALIFORNIA,1991,HEPATITIS A,3791
CALIFORNIA,1992,HEPATITIS A,3594
CALIFORNIA,1993,HEPATITIS A,2674
CALIFORNIA,1994,HEPATITIS A,3367
CALIFORNIA,1995,HEPATITIS A,5130
CALIFORNIA,1996,HEPATITIS A,5547
CALIFORNIA,1997,HEPATITIS A,4438
CALIFORNIA,1998,HEPATITIS A,2803
CALIFORNIA,1999,HEPATITIS A,2349
CALIFORNIA,2000,HEPATITIS A,2261
CALIFORNIA,2001,HEPATITIS A,1599
CALIFORNIA,2002,HEPATITIS A,1364
CALIFORNIA,2003,HEPATITIS A,1045
CALIFORNIA,2004,HEPATITIS A,788
CALIFORNIA,2005,HEPATITIS A,905
CALIFORNIA,2006,HEPATITIS A,688
CALIFORNIA,2007,HEPATITIS A,312
CALIFORNIA,2008,HEPATITIS A,337
CALIFORNIA,2009,HEPATITIS A,239
CALIFORNIA,2010,HEPATITIS A,201
CALIFORNIA,2011,HEPATITIS A,176
COLORADO,1966,HEPATITIS A,292
COLORADO,1967,HEPATITIS A,294
COLORADO,1968,HEPATITIS A,715
COLORADO,1969,HEPATITIS A,587
COLORADO,1970,HEPATITIS A,915
COLORADO,1971,HEPATITIS A,751
COLORADO,1972,HEPATITIS A,639
COLORADO,1973,HEPATITIS A,495
COLORADO,1974,HEPATITIS A,256
COLORADO,1975,HEPATITIS A,239
COLORADO,1976,HEPATITIS A,426
COLORADO,1977,HEPATITIS A,509
COLORADO,1978,HEPATITIS A,446
COLORADO,1979,HEPATITIS A,482
COLORADO,1980,HEPATITIS A,591
COLORADO,1981,HEPATITIS A,536
COLORADO,1982,HEPATITIS A,331
COLORADO,1983,HEPATITIS A,394
COLORADO,1984,HEPATITIS A,544
COLORADO,1985,HEPATITIS A,299
COLORADO,1986,HEPATITIS A,151
COLORADO,1987,HEPATITIS A,424
COLORADO,1988,HEPATITIS A,117
COLORADO,1989,HEPATITIS A,368
COLORADO,1990,HEPATITIS A,278
COLORADO,1991,HEPATITIS A,494
COLORADO,1992,HEPATITIS A,587
COLORADO,1993,HEPATITIS A,436
COLORADO,1994,HEPATITIS A,403
COLORADO,1995,HEPATITIS A,393
COLORADO,1996,HEPATITIS A,362
COLORADO,1997,HEPATITIS A,234
COLORADO,1998,HEPATITIS A,261
COLORADO,1999,HEPATITIS A,147
COLORADO,2000,HEPATITIS A,170
COLORADO,2001,HEPATITIS A,76
COLORADO,2002,HEPATITIS A,77
COLORADO,2003,HEPATITIS A,60
COLORADO,2004,HEPATITIS A,56
COLORADO,2005,HEPATITIS A,49
COLORADO,2006,HEPATITIS A,24
COLORADO,2007,HEPATITIS A,25
COLORADO,2008,HEPATITIS A,23
COLORADO,2009,HEPATITIS A,49
COLORADO,2010,HEPATITIS A,34
COLORADO,2011,HEPATITIS A,18
CONNECTICUT,1966,HEPATITIS A,334
CONNECTICUT,1967,HEPATITIS A,583
CONNECTICUT,1968,HEPATITIS A,502
CONNECTICUT,1969,HEPATITIS A,617
CONNECTICUT,1970,HEPATITIS A,860
CONNECTICUT,1971,HEPATITIS A,877
CONNECTICUT,1972,HEPATITIS A,687
CONNECTICUT,1973,HEPATITIS A,661
CONNECTICUT,1974,HEPATITIS A,526
CONNECTICUT,1975,HEPATITIS A,417
CONNECTICUT,1976,HEPATITIS A,427
CONNECTICUT,1977,HEPATITIS A,274
CONNECTICUT,1978,HEPATITIS A,165
CONNECTICUT,1979,HEPATITIS A,167
CONNECTICUT,1980,HEPATITIS A,110
CONNECTICUT,1981,HEPATITIS A,129
CONNECTICUT,1982,HEPATITIS A,82
CONNECTICUT,1983,HEPATITIS A,88
CONNECTICUT,1984,HEPATITIS A,74
CONNECTICUT,1985,HEPATITIS A,118
CONNECTICUT,1986,HEPATITIS A,124
CONNECTICUT,1987,HEPATITIS A,172
CONNECTICUT,1988,HEPATITIS A,141
CONNECTICUT,1989,HEPATITIS A,207
CONNECTICUT,1990,HEPATITIS A,107
CONNECTICUT,1991,HEPATITIS A,74
CONNECTICUT,1992,HEPATITIS A,49
CONNECTICUT,1993,HEPATITIS A,59
CONNECTICUT,1994,HEPATITIS A,60
CONNECTICUT,1995,HEPATITIS A,69
CONNECTICUT,1996,HEPATITIS A,123
CONNECTICUT,1997,HEPATITIS A,71
CONNECTICUT,1998,HEPATITIS A,63
CONNECTICUT,1999,HEPATITIS A,57
CONNECTICUT,2000,HEPATITIS A,135
CONNECTICUT,2001,HEPATITIS A,206
CONNECTICUT,2002,HEPATITIS A,87
CONNECTICUT,2003,HEPATITIS A,81
CONNECTICUT,2004,HEPATITIS A,68
CONNECTICUT,2005,HEPATITIS A,49
CONNECTICUT,2006,HEPATITIS A,42
CONNECTICUT,2007,HEPATITIS A,25
CONNECTICUT,2008,HEPATITIS A,24
CONNECTICUT,2009,HEPATITIS A,18
CONNECTICUT,2010,HEPATITIS A,24
CONNECTICUT,2011,HEPATITIS A,16
DELAWARE,1966,HEPATITIS A,79
DELAWARE,1967,HEPATITIS A,173
DELAWARE,1968,HEPATITIS A,146
DELAWARE,1969,HEPATITIS A,67
DELAWARE,1970,HEPATITIS A,135
DELAWARE,1971,HEPATITIS A,138
DELAWARE,1972,HEPATITIS A,131
DELAWARE,1973,HEPATITIS A,97
DELAWARE,1974,HEPATITIS A,32
DELAWARE,1975,HEPATITIS A,50
DELAWARE,1976,HEPATITIS A,47
DELAWARE,1977,HEPATITIS A,43
DELAWARE,1978,HEPATITIS A,40
DELAWARE,1979,HEPATITIS A,27
DELAWARE,1980,HEPATITIS A,34
DELAWARE,1981,HEPATITIS A,56
DELAWARE,1982,HEPATITIS A,46
DELAWARE,1983,HEPATITIS A,32
DELAWARE,1984,HEPATITIS A,44
DELAWARE,1985,HEPATITIS A,38
DELAWARE,1986,HEPATITIS A,62
DELAWARE,1987,HEPATITIS A,38
DELAWARE,1988,HEPATITIS A,26
DELAWARE,1989,HEPATITIS A,60
DELAWARE,1990,HEPATITIS A,89
DELAWARE,1991,HEPATITIS A,12
DELAWARE,1992,HEPATITIS A,35
DELAWARE,1993,HEPATITIS A,6
DELAWARE,1994,HEPATITIS A,12
DELAWARE,1995,HEPATITIS A,8
DELAWARE,1996,HEPATITIS A,17
DELAWARE,1997,HEPATITIS A,13
DELAWARE,1998,HEPATITIS A,4
DELAWARE,1999,HEPATITIS A,1
DELAWARE,2001,HEPATITIS A,0
DELAWARE,2002,HEPATITIS A,11
DELAWARE,2003,HEPATITIS A,7
DELAWARE,2004,HEPATITIS A,7
DELAWARE,2005,HEPATITIS A,4
DELAWARE,2006,HEPATITIS A,11
DELAWARE,2007,HEPATITIS A,6
DELAWARE,2008,HEPATITIS A,6
DELAWARE,2009,HEPATITIS A,3
DELAWARE,2010,HEPATITIS A,7
DELAWARE,2011,HEPATITIS A,1
DISTRICT OF COLUMBIA,1966,HEPATITIS A,38
DISTRICT OF COLUMBIA,1967,HEPATITIS A,42
DISTRICT OF COLUMBIA,1968,HEPATITIS A,67
DISTRICT OF COLUMBIA,1969,HEPATITIS A,58
DISTRICT OF COLUMBIA,1970,HEPATITIS A,87
DISTRICT OF COLUMBIA,1971,HEPATITIS A,60
DISTRICT OF COLUMBIA,1972,HEPATITIS A,95
DISTRICT OF COLUMBIA,1973,HEPATITIS A,67
DISTRICT OF COLUMBIA,1974,HEPATITIS A,42
DISTRICT OF COLUMBIA,1975,HEPATITIS A,90
DISTRICT OF COLUMBIA,1976,HEPATITIS A,101
DISTRICT OF COLUMBIA,1977,HEPATITIS A,34
DISTRICT OF COLUMBIA,1978,HEPATITIS A,30
DISTRICT OF COLUMBIA,1979,HEPATITIS A,33
DISTRICT OF COLUMBIA,1980,HEPATITIS A,36
DISTRICT OF COLUMBIA,1981,HEPATITIS A,31
DISTRICT OF COLUMBIA,1982,HEPATITIS A,23
DISTRICT OF COLUMBIA,1983,HEPATITIS A,12
DISTRICT OF COLUMBIA,1984,HEPATITIS A,11
DISTRICT OF COLUMBIA,1985,HEPATITIS A,10
DISTRICT OF COLUMBIA,1986,HEPATITIS A,14
DISTRICT OF COLUMBIA,1987,HEPATITIS A,38
DISTRICT OF COLUMBIA,1988,HEPATITIS A,9
DISTRICT OF COLUMBIA,1989,HEPATITIS A,9
DISTRICT OF COLUMBIA,1990,HEPATITIS A,10
DISTRICT OF COLUMBIA,1991,HEPATITIS A,64
DISTRICT OF COLUMBIA,1992,HEPATITIS A,12
DISTRICT OF COLUMBIA,1993,HEPATITIS A,8
DISTRICT OF COLUMBIA,1994,HEPATITIS A,23
DISTRICT OF COLUMBIA,1995,HEPATITIS A,14
DISTRICT OF COLUMBIA,1996,HEPATITIS A,30
DISTRICT OF COLUMBIA,1997,HEPATITIS A,16
DISTRICT OF COLUMBIA,1998,HEPATITIS A,46
DISTRICT OF COLUMBIA,1999,HEPATITIS A,49
DISTRICT OF COLUMBIA,2000,HEPATITIS A,32
DISTRICT OF COLUMBIA,2001,HEPATITIS A,52
DISTRICT OF COLUMBIA,2002,HEPATITIS A,73
DISTRICT OF COLUMBIA,2003,HEPATITIS A,39
DISTRICT OF COLUMBIA,2004,HEPATITIS A,5
DISTRICT OF COLUMBIA,2005,HEPATITIS A,5
DISTRICT OF COLUMBIA,2006,HEPATITIS A,8
DISTRICT OF COLUMBIA,2007,HEPATITIS A,14
DISTRICT OF COLUMBIA,2010,HEPATITIS A,0
FLORIDA,1966,HEPATITIS A,649
FLORIDA,1967,HEPATITIS A,646
FLORIDA,1968,HEPATITIS A,1116
FLORIDA,1969,HEPATITIS A,1356
FLORIDA,1970,HEPATITIS A,1804
FLORIDA,1971,HEPATITIS A,2121
FLORIDA,1972,HEPATITIS A,2193
FLORIDA,1973,HEPATITIS A,3296
FLORIDA,1974,HEPATITIS A,3439
FLORIDA,1975,HEPATITIS A,2279
FLORIDA,1976,HEPATITIS A,1712
FLORIDA,1977,HEPATITIS A,1412
FLORIDA,1978,HEPATITIS A,1574
FLORIDA,1979,HEPATITIS A,1268
FLORIDA,1980,HEPATITIS A,1344
FLORIDA,1981,HEPATITIS A,1229
FLORIDA,1982,HEPATITIS A,967
FLORIDA,1983,HEPATITIS A,902
FLORIDA,1984,HEPATITIS A,678
FLORIDA,1985,HEPATITIS A,775
FLORIDA,1986,HEPATITIS A,881
FLORIDA,1987,HEPATITIS A,550
FLORIDA,1988,HEPATITIS A,280
FLORIDA,1989,HEPATITIS A,725
FLORIDA,1990,HEPATITIS A,476
FLORIDA,1991,HEPATITIS A,587
FLORIDA,1992,HEPATITIS A,372
FLORIDA,1993,HEPATITIS A,331
FLORIDA,1994,HEPATITIS A,516
FLORIDA,1995,HEPATITIS A,519
FLORIDA,1996,HEPATITIS A,552
FLORIDA,1997,HEPATITIS A,417
FLORIDA,1998,HEPATITIS A,358
FLORIDA,1999,HEPATITIS A,578
FLORIDA,2000,HEPATITIS A,631
FLORIDA,2001,HEPATITIS A,762
FLORIDA,2002,HEPATITIS A,1002
FLORIDA,2003,HEPATITIS A,374
FLORIDA,2004,HEPATITIS A,282
FLORIDA,2005,HEPATITIS A,288
FLORIDA,2006,HEPATITIS A,217
FLORIDA,2007,HEPATITIS A,159
FLORIDA,2008,HEPATITIS A,153
FLORIDA,2009,HEPATITIS A,176
FLORIDA,2010,HEPATITIS A,152
FLORIDA,2011,HEPATITIS A,96
GEORGIA,1966,HEPATITIS A,509
GEORGIA,1967,HEPATITIS A,922
GEORGIA,1968,HEPATITIS A,990
GEORGIA,1969,HEPATITIS A,750
GEORGIA,1970,HEPATITIS A,763
GEORGIA,1971,HEPATITIS A,771
GEORGIA,1972,HEPATITIS A,712
GEORGIA,1973,HEPATITIS A,888
GEORGIA,1974,HEPATITIS A,1005
GEORGIA,1975,HEPATITIS A,1048
GEORGIA,1976,HEPATITIS A,1368
GEORGIA,1977,HEPATITIS A,1073
GEORGIA,1978,HEPATITIS A,528
GEORGIA,1979,HEPATITIS A,589
GEORGIA,1980,HEPATITIS A,597
GEORGIA,1981,HEPATITIS A,498
GEORGIA,1982,HEPATITIS A,342
GEORGIA,1983,HEPATITIS A,231
GEORGIA,1984,HEPATITIS A,170
GEORGIA,1985,HEPATITIS A,176
GEORGIA,1986,HEPATITIS A,144
GEORGIA,1987,HEPATITIS A,161
GEORGIA,1988,HEPATITIS A,281
GEORGIA,1989,HEPATITIS A,283
GEORGIA,1990,HEPATITIS A,298
GEORGIA,1991,HEPATITIS A,171
GEORGIA,1992,HEPATITIS A,136
GEORGIA,1993,HEPATITIS A,37
GEORGIA,1994,HEPATITIS A,48
GEORGIA,1995,HEPATITIS A,56
GEORGIA,1996,HEPATITIS A,148
GEORGIA,1997,HEPATITIS A,403
GEORGIA,1998,HEPATITIS A,546
GEORGIA,1999,HEPATITIS A,346
GEORGIA,2000,HEPATITIS A,208
GEORGIA,2001,HEPATITIS A,723
GEORGIA,2002,HEPATITIS A,434
GEORGIA,2003,HEPATITIS A,800
GEORGIA,2004,HEPATITIS A,314
GEORGIA,2005,HEPATITIS A,108
GEORGIA,2006,HEPATITIS A,56
GEORGIA,2007,HEPATITIS A,48
GEORGIA,2008,HEPATITIS A,38
GEORGIA,2009,HEPATITIS A,43
GEORGIA,2010,HEPATITIS A,32
GEORGIA,2011,HEPATITIS A,40
HAWAII,1966,HEPATITIS A,56
HAWAII,1967,HEPATITIS A,45
HAWAII,1968,HEPATITIS A,122
HAWAII,1969,HEPATITIS A,115
HAWAII,1970,HEPATITIS A,237
HAWAII,1971,HEPATITIS A,336
HAWAII,1972,HEPATITIS A,316
HAWAII,1973,HEPATITIS A,196
HAWAII,1974,HEPATITIS A,130
HAWAII,1975,HEPATITIS A,240
HAWAII,1976,HEPATITIS A,126
HAWAII,1977,HEPATITIS A,137
HAWAII,1978,HEPATITIS A,153
HAWAII,1979,HEPATITIS A,135
HAWAII,1980,HEPATITIS A,69
HAWAII,1981,HEPATITIS A,111
HAWAII,1982,HEPATITIS A,76
HAWAII,1983,HEPATITIS A,48
HAWAII,1984,HEPATITIS A,32
HAWAII,1985,HEPATITIS A,43
HAWAII,1986,HEPATITIS A,15
HAWAII,1987,HEPATITIS A,37
HAWAII,1988,HEPATITIS A,2
HAWAII,1989,HEPATITIS A,72
HAWAII,1990,HEPATITIS A,51
HAWAII,1991,HEPATITIS A,58
HAWAII,1992,HEPATITIS A,136
HAWAII,1993,HEPATITIS A,27
HAWAII,1994,HEPATITIS A,41
HAWAII,1995,HEPATITIS A,120
HAWAII,1996,HEPATITIS A,84
HAWAII,1997,HEPATITIS A,58
HAWAII,1998,HEPATITIS A,30
HAWAII,1999,HEPATITIS A,20
HAWAII,2000,HEPATITIS A,4
HAWAII,2001,HEPATITIS A,2
HAWAII,2002,HEPATITIS A,1
HAWAII,2003,HEPATITIS A,10
HAWAII,2004,HEPATITIS A,27
HAWAII,2005,HEPATITIS A,23
HAWAII,2006,HEPATITIS A,10
HAWAII,2007,HEPATITIS A,4
HAWAII,2008,HEPATITIS A,15
HAWAII,2009,HEPATITIS A,5
HAWAII,2010,HEPATITIS A,3
HAWAII,2011,HEPATITIS A,7
IDAHO,1966,HEPATITIS A,180
IDAHO,1967,HEPATITIS A,133
IDAHO,1968,HEPATITIS A,129
IDAHO,1969,HEPATITIS A,79
IDAHO,1970,HEPATITIS A,168
IDAHO,1971,HEPATITIS A,353
IDAHO,1972,HEPATITIS A,348
IDAHO,1973,HEPATITIS A,211
IDAHO,1974,HEPATITIS A,123
IDAHO,1975,HEPATITIS A,171
IDAHO,1976,HEPATITIS A,129
IDAHO,1977,HEPATITIS A,138
IDAHO,1978,HEPATITIS A,221
IDAHO,1979,HEPATITIS A,131
IDAHO,1980,HEPATITIS A,83
IDAHO,1981,HEPATITIS A,245
IDAHO,1982,HEPATITIS A,55
IDAHO,1983,HEPATITIS A,101
IDAHO,1984,HEPATITIS A,85
IDAHO,1985,HEPATITIS A,204
IDAHO,1986,HEPATITIS A,120
IDAHO,1987,HEPATITIS A,335
IDAHO,1988,HEPATITIS A,58
IDAHO,1989,HEPATITIS A,110
IDAHO,1990,HEPATITIS A,75
IDAHO,1991,HEPATITIS A,75
IDAHO,1992,HEPATITIS A,67
IDAHO,1993,HEPATITIS A,137
IDAHO,1994,HEPATITIS A,255
IDAHO,1995,HEPATITIS A,296
IDAHO,1996,HEPATITIS A,206
IDAHO,1997,HEPATITIS A,78
IDAHO,1998,HEPATITIS A,136
IDAHO,1999,HEPATITIS A,40
IDAHO,2000,HEPATITIS A,47
IDAHO,2001,HEPATITIS A,37
IDAHO,2002,HEPATITIS A,12
IDAHO,2003,HEPATITIS A,2
IDAHO,2004,HEPATITIS A,19
IDAHO,2005,HEPATITIS A,21
IDAHO,2006,HEPATITIS A,8
IDAHO,2007,HEPATITIS A,8
IDAHO,2008,HEPATITIS A,17
IDAHO,2009,HEPATITIS A,4
IDAHO,2010,HEPATITIS A,8
IDAHO,2011,HEPATITIS A,6
ILLINOIS,1966,HEPATITIS A,1120
ILLINOIS,1967,HEPATITIS A,1646
ILLINOIS,1968,HEPATITIS A,1888
ILLINOIS,1969,HEPATITIS A,1677
ILLINOIS,1970,HEPATITIS A,1683
ILLINOIS,1971,HEPATITIS A,2115
ILLINOIS,1972,HEPATITIS A,2115
ILLINOIS,1973,HEPATITIS A,2109
ILLINOIS,1974,HEPATITIS A,1608
ILLINOIS,1975,HEPATITIS A,1205
ILLINOIS,1976,HEPATITIS A,1103
ILLINOIS,1977,HEPATITIS A,1120
ILLINOIS,1978,HEPATITIS A,1126
ILLINOIS,1979,HEPATITIS A,1003
ILLINOIS,1980,HEPATITIS A,769
ILLINOIS,1981,HEPATITIS A,711
ILLINOIS,1982,HEPATITIS A,323
ILLINOIS,1983,HEPATITIS A,148
ILLINOIS,1984,HEPATITIS A,189
ILLINOIS,1985,HEPATITIS A,82
ILLINOIS,1986,HEPATITIS A,146
ILLINOIS,1987,HEPATITIS A,223
ILLINOIS,1988,HEPATITIS A,368
ILLINOIS,1989,HEPATITIS A,631
ILLINOIS,1990,HEPATITIS A,1115
ILLINOIS,1991,HEPATITIS A,986
ILLINOIS,1992,HEPATITIS A,390
ILLINOIS,1993,HEPATITIS A,466
ILLINOIS,1994,HEPATITIS A,256
ILLINOIS,1995,HEPATITIS A,498
ILLINOIS,1996,HEPATITIS A,512
ILLINOIS,1997,HEPATITIS A,354
ILLINOIS,1998,HEPATITIS A,549
ILLINOIS,1999,HEPATITIS A,536
ILLINOIS,2000,HEPATITIS A,560
ILLINOIS,2001,HEPATITIS A,405
ILLINOIS,2002,HEPATITIS A,264
ILLINOIS,2003,HEPATITIS A,189
ILLINOIS,2004,HEPATITIS A,173
ILLINOIS,2005,HEPATITIS A,90
ILLINOIS,2006,HEPATITIS A,59
ILLINOIS,2007,HEPATITIS A,99
ILLINOIS,2008,HEPATITIS A,96
ILLINOIS,2009,HEPATITIS A,80
ILLINOIS,2010,HEPATITIS A,45
ILLINOIS,2011,HEPATITIS A,52
INDIANA,1966,HEPATITIS A,464
INDIANA,1967,HEPATITIS A,608
INDIANA,1968,HEPATITIS A,506
INDIANA,1969,HEPATITIS A,566
INDIANA,1970,HEPATITIS A,584
INDIANA,1971,HEPATITIS A,585
INDIANA,1972,HEPATITIS A,484
INDIANA,1973,HEPATITIS A,550
INDIANA,1974,HEPATITIS A,481
INDIANA,1975,HEPATITIS A,453
INDIANA,1976,HEPATITIS A,323
INDIANA,1977,HEPATITIS A,243
INDIANA,1978,HEPATITIS A,191
INDIANA,1979,HEPATITIS A,273
INDIANA,1980,HEPATITIS A,279
INDIANA,1981,HEPATITIS A,564
INDIANA,1982,HEPATITIS A,621
INDIANA,1983,HEPATITIS A,270
INDIANA,1984,HEPATITIS A,102
INDIANA,1985,HEPATITIS A,95
INDIANA,1986,HEPATITIS A,84
INDIANA,1987,HEPATITIS A,188
INDIANA,1988,HEPATITIS A,38
INDIANA,1989,HEPATITIS A,131
INDIANA,1990,HEPATITIS A,246
INDIANA,1991,HEPATITIS A,274
INDIANA,1992,HEPATITIS A,557
INDIANA,1993,HEPATITIS A,233
INDIANA,1994,HEPATITIS A,275
INDIANA,1995,HEPATITIS A,158
INDIANA,1996,HEPATITIS A,308
INDIANA,1997,HEPATITIS A,147
INDIANA,1998,HEPATITIS A,276
INDIANA,1999,HEPATITIS A,102
INDIANA,2000,HEPATITIS A,89
INDIANA,2001,HEPATITIS A,89
INDIANA,2002,HEPATITIS A,45
INDIANA,2003,HEPATITIS A,70
INDIANA,2004,HEPATITIS A,94
INDIANA,2005,HEPATITIS A,58
INDIANA,2006,HEPATITIS A,34
INDIANA,2007,HEPATITIS A,29
INDIANA,2008,HEPATITIS A,20
INDIANA,2009,HEPATITIS A,19
INDIANA,2010,HEPATITIS A,16
INDIANA,2011,HEPATITIS A,11
IOWA,1966,HEPATITIS A,526
IOWA,1967,HEPATITIS A,329
IOWA,1968,HEPATITIS A,492
IOWA,1969,HEPATITIS A,358
IOWA,1970,HEPATITIS A,338
IOWA,1971,HEPATITIS A,301
IOWA,1972,HEPATITIS A,260
IOWA,1973,HEPATITIS A,234
IOWA,1974,HEPATITIS A,220
IOWA,1975,HEPATITIS A,191
IOWA,1976,HEPATITIS A,109
IOWA,1977,HEPATITIS A,115
IOWA,1978,HEPATITIS A,136
IOWA,1979,HEPATITIS A,181
IOWA,1980,HEPATITIS A,123
IOWA,1981,HEPATITIS A,206
IOWA,1982,HEPATITIS A,76
IOWA,1983,HEPATITIS A,29
IOWA,1984,HEPATITIS A,59
IOWA,1985,HEPATITIS A,39
IOWA,1986,HEPATITIS A,38
IOWA,1987,HEPATITIS A,109
IOWA,1988,HEPATITIS A,16
IOWA,1989,HEPATITIS A,122
IOWA,1990,HEPATITIS A,214
IOWA,1991,HEPATITIS A,33
IOWA,1992,HEPATITIS A,35
IOWA,1993,HEPATITIS A,41
IOWA,1994,HEPATITIS A,50
IOWA,1995,HEPATITIS A,79
IOWA,1996,HEPATITIS A,305
IOWA,1997,HEPATITIS A,259
IOWA,1998,HEPATITIS A,245
IOWA,1999,HEPATITIS A,124
IOWA,2000,HEPATITIS A,64
IOWA,2001,HEPATITIS A,27
IOWA,2002,HEPATITIS A,77
IOWA,2003,HEPATITIS A,36
IOWA,2004,HEPATITIS A,54
IOWA,2005,HEPATITIS A,27
IOWA,2006,HEPATITIS A,11
IOWA,2007,HEPATITIS A,42
IOWA,2008,HEPATITIS A,100
IOWA,2009,HEPATITIS A,34
IOWA,2010,HEPATITIS A,9
IOWA,2011,HEPATITIS A,8
KANSAS,1966,HEPATITIS A,195
KANSAS,1967,HEPATITIS A,212
KANSAS,1968,HEPATITIS A,410
KANSAS,1969,HEPATITIS A,276
KANSAS,1970,HEPATITIS A,555
KANSAS,1971,HEPATITIS A,579
KANSAS,1972,HEPATITIS A,427
KANSAS,1973,HEPATITIS A,531
KANSAS,1974,HEPATITIS A,420
KANSAS,1975,HEPATITIS A,328
KANSAS,1976,HEPATITIS A,389
KANSAS,1977,HEPATITIS A,335
KANSAS,1978,HEPATITIS A,242
KANSAS,1979,HEPATITIS A,193
KANSAS,1980,HEPATITIS A,145
KANSAS,1981,HEPATITIS A,151
KANSAS,1982,HEPATITIS A,217
KANSAS,1983,HEPATITIS A,76
KANSAS,1984,HEPATITIS A,60
KANSAS,1985,HEPATITIS A,64
KANSAS,1986,HEPATITIS A,70
KANSAS,1987,HEPATITIS A,399
KANSAS,1988,HEPATITIS A,165
KANSAS,1989,HEPATITIS A,185
KANSAS,1990,HEPATITIS A,161
KANSAS,1991,HEPATITIS A,80
KANSAS,1992,HEPATITIS A,104
KANSAS,1993,HEPATITIS A,37
KANSAS,1994,HEPATITIS A,51
KANSAS,1995,HEPATITIS A,110
KANSAS,1996,HEPATITIS A,319
KANSAS,1997,HEPATITIS A,90
KANSAS,1998,HEPATITIS A,82
KANSAS,1999,HEPATITIS A,33
KANSAS,2000,HEPATITIS A,79
KANSAS,2001,HEPATITIS A,149
KANSAS,2002,HEPATITIS A,68
KANSAS,2003,HEPATITIS A,28
KANSAS,2004,HEPATITIS A,47
KANSAS,2005,HEPATITIS A,19
KANSAS,2006,HEPATITIS A,22
KANSAS,2007,HEPATITIS A,10
KANSAS,2008,HEPATITIS A,14
KANSAS,2009,HEPATITIS A,7
KANSAS,2010,HEPATITIS A,12
KANSAS,2011,HEPATITIS A,2
KENTUCKY,1966,HEPATITIS A,948
KENTUCKY,1967,HEPATITIS A,1144
KENTUCKY,1968,HEPATITIS A,1153
KENTUCKY,1969,HEPATITIS A,1222
KENTUCKY,1970,HEPATITIS A,1241
KENTUCKY,1971,HEPATITIS A,1132
KENTUCKY,1972,HEPATITIS A,950
KENTUCKY,1973,HEPATITIS A,1040
KENTUCKY,1974,HEPATITIS A,840
KENTUCKY,1975,HEPATITIS A,911
KENTUCKY,1976,HEPATITIS A,587
KENTUCKY,1977,HEPATITIS A,444
KENTUCKY,1978,HEPATITIS A,238
KENTUCKY,1979,HEPATITIS A,269
KENTUCKY,1980,HEPATITIS A,338
KENTUCKY,1981,HEPATITIS A,318
KENTUCKY,1982,HEPATITIS A,324
KENTUCKY,1983,HEPATITIS A,929
KENTUCKY,1984,HEPATITIS A,314
KENTUCKY,1985,HEPATITIS A,160
KENTUCKY,1986,HEPATITIS A,65
KENTUCKY,1987,HEPATITIS A,168
KENTUCKY,1988,HEPATITIS A,184
KENTUCKY,1989,HEPATITIS A,85
KENTUCKY,1990,HEPATITIS A,72
KENTUCKY,1991,HEPATITIS A,53
KENTUCKY,1992,HEPATITIS A,68
KENTUCKY,1993,HEPATITIS A,76
KENTUCKY,1994,HEPATITIS A,123
KENTUCKY,1995,HEPATITIS A,39
KENTUCKY,1996,HEPATITIS A,40
KENTUCKY,1997,HEPATITIS A,49
KENTUCKY,1998,HEPATITIS A,15
KENTUCKY,1999,HEPATITIS A,39
KENTUCKY,2000,HEPATITIS A,45
KENTUCKY,2001,HEPATITIS A,107
KENTUCKY,2002,HEPATITIS A,37
KENTUCKY,2003,HEPATITIS A,27
KENTUCKY,2004,HEPATITIS A,28
KENTUCKY,2005,HEPATITIS A,28
KENTUCKY,2006,HEPATITIS A,22
KENTUCKY,2007,HEPATITIS A,18
KENTUCKY,2008,HEPATITIS A,24
KENTUCKY,2009,HEPATITIS A,10
KENTUCKY,2010,HEPATITIS A,21
KENTUCKY,2011,HEPATITIS A,10
LOUISIANA,1966,HEPATITIS A,423
LOUISIANA,1967,HEPATITIS A,588
LOUISIANA,1968,HEPATITIS A,677
LOUISIANA,1969,HEPATITIS A,737
LOUISIANA,1970,HEPATITIS A,564
LOUISIANA,1971,HEPATITIS A,654
LOUISIANA,1972,HEPATITIS A,589
LOUISIANA,1973,HEPATITIS A,755
LOUISIANA,1974,HEPATITIS A,425
LOUISIANA,1975,HEPATITIS A,425
LOUISIANA,1976,HEPATITIS A,388
LOUISIANA,1977,HEPATITIS A,505
LOUISIANA,1978,HEPATITIS A,541
LOUISIANA,1979,HEPATITIS A,591
LOUISIANA,1980,HEPATITIS A,488
LOUISIANA,1981,HEPATITIS A,701
LOUISIANA,1982,HEPATITIS A,721
LOUISIANA,1983,HEPATITIS A,604
LOUISIANA,1984,HEPATITIS A,293
LOUISIANA,1985,HEPATITIS A,109
LOUISIANA,1986,HEPATITIS A,87
LOUISIANA,1987,HEPATITIS A,109
LOUISIANA,1988,HEPATITIS A,78
LOUISIANA,1989,HEPATITIS A,166
LOUISIANA,1990,HEPATITIS A,179
LOUISIANA,1991,HEPATITIS A,109
LOUISIANA,1992,HEPATITIS A,101
LOUISIANA,1993,HEPATITIS A,42
LOUISIANA,1994,HEPATITIS A,86
LOUISIANA,1995,HEPATITIS A,104
LOUISIANA,1996,HEPATITIS A,188
LOUISIANA,1997,HEPATITIS A,118
LOUISIANA,1998,HEPATITIS A,118
LOUISIANA,1999,HEPATITIS A,198
LOUISIANA,2000,HEPATITIS A,65
LOUISIANA,2001,HEPATITIS A,52
LOUISIANA,2002,HEPATITIS A,67
LOUISIANA,2003,HEPATITIS A,53
LOUISIANA,2004,HEPATITIS A,54
LOUISIANA,2005,HEPATITIS A,66
LOUISIANA,2006,HEPATITIS A,27
LOUISIANA,2007,HEPATITIS A,27
LOUISIANA,2008,HEPATITIS A,10
LOUISIANA,2009,HEPATITIS A,2
LOUISIANA,2010,HEPATITIS A,11
LOUISIANA,2011,HEPATITIS A,4
MAINE,1966,HEPATITIS A,274
MAINE,1967,HEPATITIS A,162
MAINE,1968,HEPATITIS A,85
MAINE,1969,HEPATITIS A,235
MAINE,1970,HEPATITIS A,642
MAINE,1971,HEPATITIS A,494
MAINE,1972,HEPATITIS A,233
MAINE,1973,HEPATITIS A,69
MAINE,1974,HEPATITIS A,125
MAINE,1975,HEPATITIS A,34
MAINE,1976,HEPATITIS A,107
MAINE,1977,HEPATITIS A,25
MAINE,1978,HEPATITIS A,88
MAINE,1979,HEPATITIS A,122
MAINE,1980,HEPATITIS A,22
MAINE,1981,HEPATITIS A,34
MAINE,1982,HEPATITIS A,41
MAINE,1983,HEPATITIS A,27
MAINE,1984,HEPATITIS A,18
MAINE,1985,HEPATITIS A,17
MAINE,1986,HEPATITIS A,14
MAINE,1987,HEPATITIS A,25
MAINE,1988,HEPATITIS A,9
MAINE,1989,HEPATITIS A,16
MAINE,1990,HEPATITIS A,6
MAINE,1991,HEPATITIS A,16
MAINE,1992,HEPATITIS A,29
MAINE,1993,HEPATITIS A,8
MAINE,1994,HEPATITIS A,15
MAINE,1995,HEPATITIS A,18
MAINE,1996,HEPATITIS A,22
MAINE,1997,HEPATITIS A,29
MAINE,1998,HEPATITIS A,11
MAINE,1999,HEPATITIS A,9
MAINE,2000,HEPATITIS A,18
MAINE,2001,HEPATITIS A,8
MAINE,2002,HEPATITIS A,7
MAINE,2003,HEPATITIS A,22
MAINE,2004,HEPATITIS A,7
MAINE,2005,HEPATITIS A,5
MAINE,2006,HEPATITIS A,5
MAINE,2007,HEPATITIS A,4
MAINE,2008,HEPATITIS A,10
MAINE,2009,HEPATITIS A,0
MAINE,2010,HEPATITIS A,7
MAINE,2011,HEPATITIS A,7
MARYLAND,1966,HEPATITIS A,812
MARYLAND,1967,HEPATITIS A,854
MARYLAND,1968,HEPATITIS A,741
MARYLAND,1969,HEPATITIS A,704
MARYLAND,1970,HEPATITIS A,907
MARYLAND,1971,HEPATITIS A,1082
MARYLAND,1972,HEPATITIS A,884
MARYLAND,1973,HEPATITIS A,669
MARYLAND,1974,HEPATITIS A,338
MARYLAND,1975,HEPATITIS A,393
MARYLAND,1976,HEPATITIS A,433
MARYLAND,1977,HEPATITIS A,364
MARYLAND,1978,HEPATITIS A,371
MARYLAND,1979,HEPATITIS A,363
MARYLAND,1980,HEPATITIS A,212
MARYLAND,1981,HEPATITIS A,179
MARYLAND,1982,HEPATITIS A,171
MARYLAND,1983,HEPATITIS A,124
MARYLAND,1984,HEPATITIS A,53
MARYLAND,1985,HEPATITIS A,65
MARYLAND,1986,HEPATITIS A,120
MARYLAND,1987,HEPATITIS A,240
MARYLAND,1988,HEPATITIS A,112
MARYLAND,1989,HEPATITIS A,731
MARYLAND,1990,HEPATITIS A,757
MARYLAND,1991,HEPATITIS A,201
MARYLAND,1992,HEPATITIS A,166
MARYLAND,1993,HEPATITIS A,71
MARYLAND,1994,HEPATITIS A,139
MARYLAND,1995,HEPATITIS A,164
MARYLAND,1996,HEPATITIS A,225
MARYLAND,1997,HEPATITIS A,109
MARYLAND,1998,HEPATITIS A,258
MARYLAND,1999,HEPATITIS A,238
MARYLAND,2000,HEPATITIS A,187
MARYLAND,2001,HEPATITIS A,255
MARYLAND,2002,HEPATITIS A,305
MARYLAND,2003,HEPATITIS A,165
MARYLAND,2004,HEPATITIS A,99
MARYLAND,2005,HEPATITIS A,83
MARYLAND,2006,HEPATITIS A,50
MARYLAND,2007,HEPATITIS A,58
MARYLAND,2008,HEPATITIS A,57
MARYLAND,2009,HEPATITIS A,41
MARYLAND,2010,HEPATITIS A,25
MARYLAND,2011,HEPATITIS A,28
MASSACHUSETTS,1966,HEPATITIS A,554
MASSACHUSETTS,1967,HEPATITIS A,752
MASSACHUSETTS,1968,HEPATITIS A,1023
MASSACHUSETTS,1969,HEPATITIS A,2168
MASSACHUSETTS,1970,HEPATITIS A,2204
MASSACHUSETTS,1971,HEPATITIS A,1589
MASSACHUSETTS,1972,HEPATITIS A,1603
MASSACHUSETTS,1973,HEPATITIS A,1353
MASSACHUSETTS,1974,HEPATITIS A,349
MASSACHUSETTS,1975,HEPATITIS A,240
MASSACHUSETTS,1976,HEPATITIS A,198
MASSACHUSETTS,1977,HEPATITIS A,170
MASSACHUSETTS,1978,HEPATITIS A,177
MASSACHUSETTS,1979,HEPATITIS A,176
MASSACHUSETTS,1980,HEPATITIS A,113
MASSACHUSETTS,1981,HEPATITIS A,168
MASSACHUSETTS,1982,HEPATITIS A,164
MASSACHUSETTS,1983,HEPATITIS A,157
MASSACHUSETTS,1984,HEPATITIS A,179
MASSACHUSETTS,1985,HEPATITIS A,182
MASSACHUSETTS,1986,HEPATITIS A,191
MASSACHUSETTS,1987,HEPATITIS A,325
MASSACHUSETTS,1988,HEPATITIS A,159
MASSACHUSETTS,1989,HEPATITIS A,170
MASSACHUSETTS,1990,HEPATITIS A,311
MASSACHUSETTS,1991,HEPATITIS A,232
MASSACHUSETTS,1992,HEPATITIS A,202
MASSACHUSETTS,1993,HEPATITIS A,171
MASSACHUSETTS,1994,HEPATITIS A,81
MASSACHUSETTS,1995,HEPATITIS A,123
MASSACHUSETTS,1996,HEPATITIS A,171
MASSACHUSETTS,1997,HEPATITIS A,117
MASSACHUSETTS,1998,HEPATITIS A,87
MASSACHUSETTS,1999,HEPATITIS A,93
MASSACHUSETTS,2000,HEPATITIS A,83
MASSACHUSETTS,2001,HEPATITIS A,259
MASSACHUSETTS,2002,HEPATITIS A,138
MASSACHUSETTS,2003,HEPATITIS A,190
MASSACHUSETTS,2004,HEPATITIS A,871
MASSACHUSETTS,2005,HEPATITIS A,524
MASSACHUSETTS,2006,HEPATITIS A,33
MASSACHUSETTS,2007,HEPATITIS A,42
MASSACHUSETTS,2008,HEPATITIS A,19
MASSACHUSETTS,2009,HEPATITIS A,51
MASSACHUSETTS,2010,HEPATITIS A,11
MASSACHUSETTS,2011,HEPATITIS A,30
MICHIGAN,1966,HEPATITIS A,2572
MICHIGAN,1967,HEPATITIS A,1890
MICHIGAN,1968,HEPATITIS A,2185
MICHIGAN,1969,HEPATITIS A,2916
MICHIGAN,1970,HEPATITIS A,3809
MICHIGAN,1971,HEPATITIS A,3913
MICHIGAN,1972,HEPATITIS A,3319
MICHIGAN,1973,HEPATITIS A,3333
MICHIGAN,1974,HEPATITIS A,2657
MICHIGAN,1975,HEPATITIS A,2018
MICHIGAN,1976,HEPATITIS A,1657
MICHIGAN,1977,HEPATITIS A,1538
MICHIGAN,1978,HEPATITIS A,1162
MICHIGAN,1979,HEPATITIS A,1094
MICHIGAN,1980,HEPATITIS A,612
MICHIGAN,1981,HEPATITIS A,744
MICHIGAN,1982,HEPATITIS A,702
MICHIGAN,1983,HEPATITIS A,591
MICHIGAN,1984,HEPATITIS A,397
MICHIGAN,1985,HEPATITIS A,319
MICHIGAN,1986,HEPATITIS A,185
MICHIGAN,1987,HEPATITIS A,574
MICHIGAN,1988,HEPATITIS A,170
MICHIGAN,1989,HEPATITIS A,211
MICHIGAN,1990,HEPATITIS A,307
MICHIGAN,1991,HEPATITIS A,219
MICHIGAN,1992,HEPATITIS A,110
MICHIGAN,1993,HEPATITIS A,93
MICHIGAN,1994,HEPATITIS A,217
MICHIGAN,1995,HEPATITIS A,270
MICHIGAN,1996,HEPATITIS A,432
MICHIGAN,1997,HEPATITIS A,555
MICHIGAN,1998,HEPATITIS A,1481
MICHIGAN,1999,HEPATITIS A,738
MICHIGAN,2000,HEPATITIS A,387
MICHIGAN,2001,HEPATITIS A,263
MICHIGAN,2002,HEPATITIS A,219
MICHIGAN,2003,HEPATITIS A,187
MICHIGAN,2004,HEPATITIS A,147
MICHIGAN,2005,HEPATITIS A,162
MICHIGAN,2006,HEPATITIS A,65
MICHIGAN,2007,HEPATITIS A,60
MICHIGAN,2008,HEPATITIS A,82
MICHIGAN,2009,HEPATITIS A,62
MICHIGAN,2010,HEPATITIS A,62
MICHIGAN,2011,HEPATITIS A,56
MINNESOTA,1966,HEPATITIS A,302
MINNESOTA,1967,HEPATITIS A,493
MINNESOTA,1968,HEPATITIS A,714
MINNESOTA,1969,HEPATITIS A,374
MINNESOTA,1970,HEPATITIS A,333
MINNESOTA,1971,HEPATITIS A,304
MINNESOTA,1972,HEPATITIS A,192
MINNESOTA,1973,HEPATITIS A,216
MINNESOTA,1974,HEPATITIS A,472
MINNESOTA,1975,HEPATITIS A,409
MINNESOTA,1976,HEPATITIS A,343
MINNESOTA,1977,HEPATITIS A,452
MINNESOTA,1978,HEPATITIS A,909
MINNESOTA,1979,HEPATITIS A,477
MINNESOTA,1980,HEPATITIS A,213
MINNESOTA,1981,HEPATITIS A,107
MINNESOTA,1982,HEPATITIS A,223
MINNESOTA,1983,HEPATITIS A,159
MINNESOTA,1984,HEPATITIS A,106
MINNESOTA,1985,HEPATITIS A,186
MINNESOTA,1986,HEPATITIS A,89
MINNESOTA,1987,HEPATITIS A,148
MINNESOTA,1988,HEPATITIS A,54
MINNESOTA,1989,HEPATITIS A,112
MINNESOTA,1990,HEPATITIS A,227
MINNESOTA,1991,HEPATITIS A,281
MINNESOTA,1992,HEPATITIS A,507
MINNESOTA,1993,HEPATITIS A,236
MINNESOTA,1994,HEPATITIS A,118
MINNESOTA,1995,HEPATITIS A,158
MINNESOTA,1996,HEPATITIS A,129
MINNESOTA,1997,HEPATITIS A,113
MINNESOTA,1998,HEPATITIS A,95
MINNESOTA,1999,HEPATITIS A,81
MINNESOTA,2000,HEPATITIS A,153
MINNESOTA,2001,HEPATITIS A,30
MINNESOTA,2002,HEPATITIS A,43
MINNESOTA,2003,HEPATITIS A,42
MINNESOTA,2004,HEPATITIS A,32
MINNESOTA,2005,HEPATITIS A,31
MINNESOTA,2006,HEPATITIS A,23
MINNESOTA,2007,HEPATITIS A,69
MINNESOTA,2008,HEPATITIS A,36
MINNESOTA,2009,HEPATITIS A,21
MINNESOTA,2010,HEPATITIS A,15
MINNESOTA,2011,HEPATITIS A,9
MISSISSIPPI,1966,HEPATITIS A,332
MISSISSIPPI,1967,HEPATITIS A,475
MISSISSIPPI,1968,HEPATITIS A,458
MISSISSIPPI,1969,HEPATITIS A,334
MISSISSIPPI,1970,HEPATITIS A,235
MISSISSIPPI,1971,HEPATITIS A,206
MISSISSIPPI,1972,HEPATITIS A,208
MISSISSIPPI,1973,HEPATITIS A,225
MISSISSIPPI,1974,HEPATITIS A,227
MISSISSIPPI,1975,HEPATITIS A,308
MISSISSIPPI,1976,HEPATITIS A,420
MISSISSIPPI,1977,HEPATITIS A,455
MISSISSIPPI,1978,HEPATITIS A,411
MISSISSIPPI,1979,HEPATITIS A,359
MISSISSIPPI,1980,HEPATITIS A,284
MISSISSIPPI,1981,HEPATITIS A,219
MISSISSIPPI,1982,HEPATITIS A,123
MISSISSIPPI,1983,HEPATITIS A,135
MISSISSIPPI,1984,HEPATITIS A,59
MISSISSIPPI,1985,HEPATITIS A,39
MISSISSIPPI,1986,HEPATITIS A,34
MISSISSIPPI,1987,HEPATITIS A,34
MISSISSIPPI,1988,HEPATITIS A,13
MISSISSIPPI,1989,HEPATITIS A,27
MISSISSIPPI,1990,HEPATITIS A,37
MISSISSIPPI,1991,HEPATITIS A,8
MISSISSIPPI,1992,HEPATITIS A,20
MISSISSIPPI,1993,HEPATITIS A,29
MISSISSIPPI,1994,HEPATITIS A,36
MISSISSIPPI,1995,HEPATITIS A,144
MISSISSIPPI,1996,HEPATITIS A,188
MISSISSIPPI,1997,HEPATITIS A,31
MISSISSIPPI,1998,HEPATITIS A,0
MISSISSIPPI,1999,HEPATITIS A,96
MISSISSIPPI,2000,HEPATITIS A,83
MISSISSIPPI,2001,HEPATITIS A,20
MISSISSIPPI,2002,HEPATITIS A,56
MISSISSIPPI,2003,HEPATITIS A,13
MISSISSIPPI,2004,HEPATITIS A,20
MISSISSIPPI,2005,HEPATITIS A,18
MISSISSIPPI,2006,HEPATITIS A,8
MISSISSIPPI,2007,HEPATITIS A,8
MISSISSIPPI,2008,HEPATITIS A,4
MISSISSIPPI,2009,HEPATITIS A,11
MISSISSIPPI,2010,HEPATITIS A,1
MISSISSIPPI,2011,HEPATITIS A,6
MISSOURI,1966,HEPATITIS A,928
MISSOURI,1967,HEPATITIS A,1282
MISSOURI,1968,HEPATITIS A,852
MISSOURI,1969,HEPATITIS A,586
MISSOURI,1970,HEPATITIS A,725
MISSOURI,1971,HEPATITIS A,648
MISSOURI,1972,HEPATITIS A,778
MISSOURI,1973,HEPATITIS A,793
MISSOURI,1974,HEPATITIS A,204
MISSOURI,1975,HEPATITIS A,450
MISSOURI,1976,HEPATITIS A,605
MISSOURI,1977,HEPATITIS A,543
MISSOURI,1978,HEPATITIS A,563
MISSOURI,1979,HEPATITIS A,387
MISSOURI,1980,HEPATITIS A,176
MISSOURI,1981,HEPATITIS A,277
MISSOURI,1982,HEPATITIS A,201
MISSOURI,1983,HEPATITIS A,128
MISSOURI,1984,HEPATITIS A,132
MISSOURI,1985,HEPATITIS A,84
MISSOURI,1986,HEPATITIS A,111
MISSOURI,1987,HEPATITIS A,457
MISSOURI,1988,HEPATITIS A,333
MISSOURI,1989,HEPATITIS A,525
MISSOURI,1990,HEPATITIS A,387
MISSOURI,1991,HEPATITIS A,410
MISSOURI,1992,HEPATITIS A,883
MISSOURI,1993,HEPATITIS A,595
MISSOURI,1994,HEPATITIS A,393
MISSOURI,1995,HEPATITIS A,982
MISSOURI,1996,HEPATITIS A,1244
MISSOURI,1997,HEPATITIS A,514
MISSOURI,1998,HEPATITIS A,332
MISSOURI,1999,HEPATITIS A,614
MISSOURI,2000,HEPATITIS A,244
MISSOURI,2001,HEPATITIS A,86
MISSOURI,2002,HEPATITIS A,81
MISSOURI,2003,HEPATITIS A,68
MISSOURI,2004,HEPATITIS A,50
MISSOURI,2005,HEPATITIS A,50
MISSOURI,2006,HEPATITIS A,40
MISSOURI,2007,HEPATITIS A,31
MISSOURI,2008,HEPATITIS A,42
MISSOURI,2009,HEPATITIS A,31
MISSOURI,2010,HEPATITIS A,21
MISSOURI,2011,HEPATITIS A,12
MONTANA,1966,HEPATITIS A,99
MONTANA,1967,HEPATITIS A,181
MONTANA,1968,HEPATITIS A,288
MONTANA,1969,HEPATITIS A,120
MONTANA,1970,HEPATITIS A,166
MONTANA,1971,HEPATITIS A,211
MONTANA,1972,HEPATITIS A,239
MONTANA,1973,HEPATITIS A,253
MONTANA,1974,HEPATITIS A,367
MONTANA,1975,HEPATITIS A,247
MONTANA,1976,HEPATITIS A,66
MONTANA,1977,HEPATITIS A,198
MONTANA,1978,HEPATITIS A,241
MONTANA,1979,HEPATITIS A,175
MONTANA,1980,HEPATITIS A,85
MONTANA,1981,HEPATITIS A,83
MONTANA,1982,HEPATITIS A,45
MONTANA,1983,HEPATITIS A,32
MONTANA,1984,HEPATITIS A,139
MONTANA,1985,HEPATITIS A,97
MONTANA,1986,HEPATITIS A,63
MONTANA,1987,HEPATITIS A,85
MONTANA,1988,HEPATITIS A,25
MONTANA,1989,HEPATITIS A,41
MONTANA,1990,HEPATITIS A,111
MONTANA,1991,HEPATITIS A,58
MONTANA,1992,HEPATITIS A,71
MONTANA,1993,HEPATITIS A,22
MONTANA,1994,HEPATITIS A,22
MONTANA,1995,HEPATITIS A,114
MONTANA,1996,HEPATITIS A,83
MONTANA,1997,HEPATITIS A,37
MONTANA,1998,HEPATITIS A,56
MONTANA,1999,HEPATITIS A,11
MONTANA,2000,HEPATITIS A,6
MONTANA,2001,HEPATITIS A,10
MONTANA,2002,HEPATITIS A,12
MONTANA,2003,HEPATITIS A,6
MONTANA,2004,HEPATITIS A,7
MONTANA,2005,HEPATITIS A,9
MONTANA,2006,HEPATITIS A,10
MONTANA,2007,HEPATITIS A,8
MONTANA,2008,HEPATITIS A,0
MONTANA,2009,HEPATITIS A,5
MONTANA,2010,HEPATITIS A,3
MONTANA,2011,HEPATITIS A,2
NEBRASKA,1966,HEPATITIS A,49
NEBRASKA,1967,HEPATITIS A,66
NEBRASKA,1968,HEPATITIS A,81
NEBRASKA,1969,HEPATITIS A,125
NEBRASKA,1970,HEPATITIS A,132
NEBRASKA,1971,HEPATITIS A,145
NEBRASKA,1972,HEPATITIS A,66
NEBRASKA,1973,HEPATITIS A,41
NEBRASKA,1974,HEPATITIS A,68
NEBRASKA,1975,HEPATITIS A,86
NEBRASKA,1976,HEPATITIS A,63
NEBRASKA,1977,HEPATITIS A,166
NEBRASKA,1978,HEPATITIS A,129
NEBRASKA,1979,HEPATITIS A,92
NEBRASKA,1980,HEPATITIS A,53
NEBRASKA,1981,HEPATITIS A,39
NEBRASKA,1982,HEPATITIS A,31
NEBRASKA,1983,HEPATITIS A,69
NEBRASKA,1984,HEPATITIS A,42
NEBRASKA,1985,HEPATITIS A,59
NEBRASKA,1986,HEPATITIS A,30
NEBRASKA,1987,HEPATITIS A,111
NEBRASKA,1988,HEPATITIS A,31
NEBRASKA,1989,HEPATITIS A,76
NEBRASKA,1990,HEPATITIS A,69
NEBRASKA,1991,HEPATITIS A,154
NEBRASKA,1992,HEPATITIS A,200
NEBRASKA,1993,HEPATITIS A,68
NEBRASKA,1994,HEPATITIS A,97
NEBRASKA,1995,HEPATITIS A,72
NEBRASKA,1996,HEPATITIS A,196
NEBRASKA,1997,HEPATITIS A,67
NEBRASKA,1998,HEPATITIS A,38
NEBRASKA,1999,HEPATITIS A,47
NEBRASKA,2000,HEPATITIS A,40
NEBRASKA,2001,HEPATITIS A,33
NEBRASKA,2002,HEPATITIS A,12
NEBRASKA,2003,HEPATITIS A,13
NEBRASKA,2004,HEPATITIS A,10
NEBRASKA,2005,HEPATITIS A,9
NEBRASKA,2006,HEPATITIS A,18
NEBRASKA,2007,HEPATITIS A,16
NEBRASKA,2008,HEPATITIS A,35
NEBRASKA,2009,HEPATITIS A,21
NEBRASKA,2010,HEPATITIS A,12
NEBRASKA,2011,HEPATITIS A,5
NEVADA,1966,HEPATITIS A,21
NEVADA,1967,HEPATITIS A,23
NEVADA,1968,HEPATITIS A,43
NEVADA,1969,HEPATITIS A,129
NEVADA,1970,HEPATITIS A,137
NEVADA,1971,HEPATITIS A,77
NEVADA,1972,HEPATITIS A,116
NEVADA,1973,HEPATITIS A,111
NEVADA,1974,HEPATITIS A,243
NEVADA,1975,HEPATITIS A,172
NEVADA,1976,HEPATITIS A,109
NEVADA,1977,HEPATITIS A,4
NEVADA,1978,HEPATITIS A,76
NEVADA,1979,HEPATITIS A,239
NEVADA,1980,HEPATITIS A,283
NEVADA,1981,HEPATITIS A,203
NEVADA,1982,HEPATITIS A,177
NEVADA,1983,HEPATITIS A,137
NEVADA,1984,HEPATITIS A,286
NEVADA,1985,HEPATITIS A,393
NEVADA,1986,HEPATITIS A,175
NEVADA,1987,HEPATITIS A,136
NEVADA,1988,HEPATITIS A,84
NEVADA,1989,HEPATITIS A,211
NEVADA,1990,HEPATITIS A,262
NEVADA,1991,HEPATITIS A,207
NEVADA,1992,HEPATITIS A,69
NEVADA,1993,HEPATITIS A,111
NEVADA,1994,HEPATITIS A,178
NEVADA,1995,HEPATITIS A,262
NEVADA,1996,HEPATITIS A,392
NEVADA,1997,HEPATITIS A,252
NEVADA,1998,HEPATITIS A,151
NEVADA,1999,HEPATITIS A,84
NEVADA,2000,HEPATITIS A,63
NEVADA,2001,HEPATITIS A,46
NEVADA,2002,HEPATITIS A,39
NEVADA,2003,HEPATITIS A,42
NEVADA,2004,HEPATITIS A,13
NEVADA,2005,HEPATITIS A,9
NEVADA,2006,HEPATITIS A,9
NEVADA,2007,HEPATITIS A,11
NEVADA,2008,HEPATITIS A,7
NEVADA,2009,HEPATITIS A,12
NEVADA,2010,HEPATITIS A,13
NEVADA,2011,HEPATITIS A,4
NEW HAMPSHIRE,1966,HEPATITIS A,56
NEW HAMPSHIRE,1967,HEPATITIS A,44
NEW HAMPSHIRE,1968,HEPATITIS A,46
NEW HAMPSHIRE,1969,HEPATITIS A,169
NEW HAMPSHIRE,1970,HEPATITIS A,206
NEW HAMPSHIRE,1971,HEPATITIS A,231
NEW HAMPSHIRE,1972,HEPATITIS A,344
NEW HAMPSHIRE,1973,HEPATITIS A,230
NEW HAMPSHIRE,1974,HEPATITIS A,143
NEW HAMPSHIRE,1975,HEPATITIS A,116
NEW HAMPSHIRE,1976,HEPATITIS A,72
NEW HAMPSHIRE,1977,HEPATITIS A,46
NEW HAMPSHIRE,1978,HEPATITIS A,56
NEW HAMPSHIRE,1979,HEPATITIS A,43
NEW HAMPSHIRE,1980,HEPATITIS A,30
NEW HAMPSHIRE,1981,HEPATITIS A,40
NEW HAMPSHIRE,1982,HEPATITIS A,31
NEW HAMPSHIRE,1983,HEPATITIS A,33
NEW HAMPSHIRE,1984,HEPATITIS A,36
NEW HAMPSHIRE,1985,HEPATITIS A,4
NEW HAMPSHIRE,1986,HEPATITIS A,16
NEW HAMPSHIRE,1987,HEPATITIS A,34
NEW HAMPSHIRE,1988,HEPATITIS A,18
NEW HAMPSHIRE,1989,HEPATITIS A,29
NEW HAMPSHIRE,1990,HEPATITIS A,4
NEW HAMPSHIRE,1991,HEPATITIS A,23
NEW HAMPSHIRE,1992,HEPATITIS A,32
NEW HAMPSHIRE,1993,HEPATITIS A,28
NEW HAMPSHIRE,1994,HEPATITIS A,12
NEW HAMPSHIRE,1995,HEPATITIS A,7
NEW HAMPSHIRE,1996,HEPATITIS A,23
NEW HAMPSHIRE,1997,HEPATITIS A,18
NEW HAMPSHIRE,1998,HEPATITIS A,11
NEW HAMPSHIRE,1999,HEPATITIS A,12
NEW HAMPSHIRE,2000,HEPATITIS A,16
NEW HAMPSHIRE,2001,HEPATITIS A,16
NEW HAMPSHIRE,2002,HEPATITIS A,10
NEW HAMPSHIRE,2003,HEPATITIS A,8
NEW HAMPSHIRE,2004,HEPATITIS A,25
NEW HAMPSHIRE,2005,HEPATITIS A,76
NEW HAMPSHIRE,2006,HEPATITIS A,35
NEW HAMPSHIRE,2007,HEPATITIS A,11
NEW HAMPSHIRE,2008,HEPATITIS A,11
NEW HAMPSHIRE,2009,HEPATITIS A,6
NEW HAMPSHIRE,2010,HEPATITIS A,1
NEW JERSEY,1966,HEPATITIS A,932
NEW JERSEY,1967,HEPATITIS A,1307
NEW JERSEY,1968,HEPATITIS A,1566
NEW JERSEY,1969,HEPATITIS A,1767
NEW JERSEY,1970,HEPATITIS A,2655
NEW JERSEY,1971,HEPATITIS A,3382
NEW JERSEY,1972,HEPATITIS A,2428
NEW JERSEY,1973,HEPATITIS A,1715
NEW JERSEY,1974,HEPATITIS A,980
NEW JERSEY,1975,HEPATITIS A,942
NEW JERSEY,1976,HEPATITIS A,1249
NEW JERSEY,1977,HEPATITIS A,912
NEW JERSEY,1978,HEPATITIS A,686
NEW JERSEY,1979,HEPATITIS A,651
NEW JERSEY,1980,HEPATITIS A,493
NEW JERSEY,1981,HEPATITIS A,767
NEW JERSEY,1982,HEPATITIS A,709
NEW JERSEY,1983,HEPATITIS A,552
NEW JERSEY,1984,HEPATITIS A,573
NEW JERSEY,1985,HEPATITIS A,365
NEW JERSEY,1986,HEPATITIS A,214
NEW JERSEY,1987,HEPATITIS A,206
NEW JERSEY,1988,HEPATITIS A,198
NEW JERSEY,1989,HEPATITIS A,349
NEW JERSEY,1990,HEPATITIS A,248
NEW JERSEY,1991,HEPATITIS A,224
NEW JERSEY,1992,HEPATITIS A,154
NEW JERSEY,1993,HEPATITIS A,143
NEW JERSEY,1994,HEPATITIS A,208
NEW JERSEY,1995,HEPATITIS A,205
NEW JERSEY,1996,HEPATITIS A,264
NEW JERSEY,1997,HEPATITIS A,128
NEW JERSEY,1998,HEPATITIS A,236
NEW JERSEY,1999,HEPATITIS A,81
NEW JERSEY,2000,HEPATITIS A,140
NEW JERSEY,2001,HEPATITIS A,186
NEW JERSEY,2002,HEPATITIS A,131
NEW JERSEY,2003,HEPATITIS A,142
NEW JERSEY,2004,HEPATITIS A,138
NEW JERSEY,2005,HEPATITIS A,192
NEW JERSEY,2006,HEPATITIS A,62
NEW JERSEY,2007,HEPATITIS A,98
NEW JERSEY,2008,HEPATITIS A,58
NEW JERSEY,2009,HEPATITIS A,54
NEW JERSEY,2010,HEPATITIS A,13
NEW JERSEY,2011,HEPATITIS A,28
NEW MEXICO,1966,HEPATITIS A,479
NEW MEXICO,1967,HEPATITIS A,493
NEW MEXICO,1968,HEPATITIS A,286
NEW MEXICO,1969,HEPATITIS A,266
NEW MEXICO,1970,HEPATITIS A,351
NEW MEXICO,1971,HEPATITIS A,492
NEW MEXICO,1972,HEPATITIS A,446
NEW MEXICO,1973,HEPATITIS A,491
NEW MEXICO,1974,HEPATITIS A,643
NEW MEXICO,1975,HEPATITIS A,385
NEW MEXICO,1976,HEPATITIS A,402
NEW MEXICO,1977,HEPATITIS A,483
NEW MEXICO,1978,HEPATITIS A,469
NEW MEXICO,1979,HEPATITIS A,593
NEW MEXICO,1980,HEPATITIS A,39
NEW MEXICO,1981,HEPATITIS A,253
NEW MEXICO,1982,HEPATITIS A,385
NEW MEXICO,1983,HEPATITIS A,222
NEW MEXICO,1984,HEPATITIS A,254
NEW MEXICO,1985,HEPATITIS A,391
NEW MEXICO,1986,HEPATITIS A,373
NEW MEXICO,1987,HEPATITIS A,407
NEW MEXICO,1988,HEPATITIS A,263
NEW MEXICO,1989,HEPATITIS A,484
NEW MEXICO,1990,HEPATITIS A,745
NEW MEXICO,1991,HEPATITIS A,599
NEW MEXICO,1992,HEPATITIS A,180
NEW MEXICO,1993,HEPATITIS A,216
NEW MEXICO,1994,HEPATITIS A,590
NEW MEXICO,1995,HEPATITIS A,686
NEW MEXICO,1996,HEPATITIS A,280
NEW MEXICO,1997,HEPATITIS A,186
NEW MEXICO,1998,HEPATITIS A,102
NEW MEXICO,1999,HEPATITIS A,45
NEW MEXICO,2000,HEPATITIS A,48
NEW MEXICO,2001,HEPATITIS A,29
NEW MEXICO,2002,HEPATITIS A,29
NEW MEXICO,2003,HEPATITIS A,22
NEW MEXICO,2004,HEPATITIS A,20
NEW MEXICO,2005,HEPATITIS A,23
NEW MEXICO,2006,HEPATITIS A,12
NEW MEXICO,2007,HEPATITIS A,10
NEW MEXICO,2008,HEPATITIS A,14
NEW MEXICO,2009,HEPATITIS A,6
NEW MEXICO,2010,HEPATITIS A,4
NEW MEXICO,2011,HEPATITIS A,4
NEW YORK,1966,HEPATITIS A,2435
NEW YORK,1967,HEPATITIS A,3394
NEW YORK,1968,HEPATITIS A,3728
NEW YORK,1969,HEPATITIS A,3976
NEW YORK,1970,HEPATITIS A,5024
NEW YORK,1971,HEPATITIS A,4825
NEW YORK,1972,HEPATITIS A,3438
NEW YORK,1973,HEPATITIS A,2821
NEW YORK,1974,HEPATITIS A,2193
NEW YORK,1975,HEPATITIS A,1932
NEW YORK,1976,HEPATITIS A,2072
NEW YORK,1977,HEPATITIS A,1266
NEW YORK,1978,HEPATITIS A,1155
NEW YORK,1979,HEPATITIS A,1065
NEW YORK,1980,HEPATITIS A,666
NEW YORK,1981,HEPATITIS A,1103
NEW YORK,1982,HEPATITIS A,1145
NEW YORK,1983,HEPATITIS A,1305
NEW YORK,1984,HEPATITIS A,1683
NEW YORK,1985,HEPATITIS A,434
NEW YORK,1986,HEPATITIS A,207
NEW YORK,1987,HEPATITIS A,782
NEW YORK,1988,HEPATITIS A,545
NEW YORK,1989,HEPATITIS A,1089
NEW YORK,1990,HEPATITIS A,1403
NEW YORK,1991,HEPATITIS A,1254
NEW YORK,1992,HEPATITIS A,632
NEW YORK,1993,HEPATITIS A,189
NEW YORK,1994,HEPATITIS A,496
NEW YORK,1995,HEPATITIS A,1090
NEW YORK,1996,HEPATITIS A,782
NEW YORK,1997,HEPATITIS A,463
NEW YORK,1998,HEPATITIS A,521
NEW YORK,1999,HEPATITIS A,397
NEW YORK,2000,HEPATITIS A,487
NEW YORK,2001,HEPATITIS A,411
NEW YORK,2002,HEPATITIS A,715
NEW YORK,2003,HEPATITIS A,532
NEW YORK,2004,HEPATITIS A,380
NEW YORK,2005,HEPATITIS A,388
NEW YORK,2006,HEPATITIS A,280
NEW YORK,2007,HEPATITIS A,262
NEW YORK,2008,HEPATITIS A,148
NEW YORK,2009,HEPATITIS A,101
NEW YORK,2010,HEPATITIS A,2815
NEW YORK,2011,HEPATITIS A,112
NORTH CAROLINA,1966,HEPATITIS A,399
NORTH CAROLINA,1967,HEPATITIS A,339
NORTH CAROLINA,1968,HEPATITIS A,371
NORTH CAROLINA,1969,HEPATITIS A,635
NORTH CAROLINA,1970,HEPATITIS A,956
NORTH CAROLINA,1971,HEPATITIS A,1288
NORTH CAROLINA,1972,HEPATITIS A,1504
NORTH CAROLINA,1973,HEPATITIS A,1284
NORTH CAROLINA,1974,HEPATITIS A,866
NORTH CAROLINA,1975,HEPATITIS A,634
NORTH CAROLINA,1976,HEPATITIS A,496
NORTH CAROLINA,1977,HEPATITIS A,432
NORTH CAROLINA,1978,HEPATITIS A,329
NORTH CAROLINA,1979,HEPATITIS A,452
NORTH CAROLINA,1980,HEPATITIS A,263
NORTH CAROLINA,1981,HEPATITIS A,236
NORTH CAROLINA,1982,HEPATITIS A,147
NORTH CAROLINA,1983,HEPATITIS A,126
NORTH CAROLINA,1984,HEPATITIS A,105
NORTH CAROLINA,1985,HEPATITIS A,83
NORTH CAROLINA,1986,HEPATITIS A,71
NORTH CAROLINA,1987,HEPATITIS A,170
NORTH CAROLINA,1988,HEPATITIS A,218
NORTH CAROLINA,1989,HEPATITIS A,291
NORTH CAROLINA,1990,HEPATITIS A,531
NORTH CAROLINA,1991,HEPATITIS A,125
NORTH CAROLINA,1992,HEPATITIS A,77
NORTH CAROLINA,1993,HEPATITIS A,55
NORTH CAROLINA,1994,HEPATITIS A,84
NORTH CAROLINA,1995,HEPATITIS A,89
NORTH CAROLINA,1996,HEPATITIS A,184
NORTH CAROLINA,1997,HEPATITIS A,95
NORTH CAROLINA,1998,HEPATITIS A,86
NORTH CAROLINA,1999,HEPATITIS A,120
NORTH CAROLINA,2000,HEPATITIS A,125
NORTH CAROLINA,2001,HEPATITIS A,197
NORTH CAROLINA,2002,HEPATITIS A,204
NORTH CAROLINA,2003,HEPATITIS A,112
NORTH CAROLINA,2004,HEPATITIS A,97
NORTH CAROLINA,2005,HEPATITIS A,83
NORTH CAROLINA,2006,HEPATITIS A,100
NORTH CAROLINA,2007,HEPATITIS A,65
NORTH CAROLINA,2008,HEPATITIS A,62
NORTH CAROLINA,2009,HEPATITIS A,38
NORTH CAROLINA,2010,HEPATITIS A,47
NORTH CAROLINA,2011,HEPATITIS A,26
NORTH DAKOTA,1966,HEPATITIS A,45
NORTH DAKOTA,1967,HEPATITIS A,53
NORTH DAKOTA,1968,HEPATITIS A,66
NORTH DAKOTA,1969,HEPATITIS A,43
NORTH DAKOTA,1970,HEPATITIS A,66
NORTH DAKOTA,1971,HEPATITIS A,135
NORTH DAKOTA,1972,HEPATITIS A,77
NORTH DAKOTA,1973,HEPATITIS A,26
NORTH DAKOTA,1974,HEPATITIS A,36
NORTH DAKOTA,1975,HEPATITIS A,99
NORTH DAKOTA,1976,HEPATITIS A,159
NORTH DAKOTA,1977,HEPATITIS A,66
NORTH DAKOTA,1978,HEPATITIS A,72
NORTH DAKOTA,1979,HEPATITIS A,13
NORTH DAKOTA,1980,HEPATITIS A,3
NORTH DAKOTA,1981,HEPATITIS A,2
NORTH DAKOTA,1983,HEPATITIS A,1
NORTH DAKOTA,1985,HEPATITIS A,9
NORTH DAKOTA,1986,HEPATITIS A,8
NORTH DAKOTA,1988,HEPATITIS A,5
NORTH DAKOTA,1989,HEPATITIS A,10
NORTH DAKOTA,1990,HEPATITIS A,20
NORTH DAKOTA,1991,HEPATITIS A,49
NORTH DAKOTA,1992,HEPATITIS A,74
NORTH DAKOTA,1993,HEPATITIS A,55
NORTH DAKOTA,1994,HEPATITIS A,5
NORTH DAKOTA,1995,HEPATITIS A,17
NORTH DAKOTA,1996,HEPATITIS A,128
NORTH DAKOTA,1997,HEPATITIS A,7
NORTH DAKOTA,1998,HEPATITIS A,3
NORTH DAKOTA,1999,HEPATITIS A,2
NORTH DAKOTA,2000,HEPATITIS A,2
NORTH DAKOTA,2001,HEPATITIS A,2
NORTH DAKOTA,2002,HEPATITIS A,2
NORTH DAKOTA,2003,HEPATITIS A,0
NORTH DAKOTA,2004,HEPATITIS A,0
NORTH DAKOTA,2009,HEPATITIS A,0
NORTH DAKOTA,2010,HEPATITIS A,3
OHIO,1966,HEPATITIS A,1350
OHIO,1967,HEPATITIS A,1410
OHIO,1968,HEPATITIS A,2032
OHIO,1969,HEPATITIS A,1927
OHIO,1970,HEPATITIS A,2247
OHIO,1971,HEPATITIS A,1986
OHIO,1972,HEPATITIS A,1821
OHIO,1973,HEPATITIS A,1695
OHIO,1974,HEPATITIS A,1302
OHIO,1975,HEPATITIS A,1619
OHIO,1976,HEPATITIS A,1418
OHIO,1977,HEPATITIS A,1381
OHIO,1978,HEPATITIS A,1101
OHIO,1979,HEPATITIS A,931
OHIO,1980,HEPATITIS A,459
OHIO,1981,HEPATITIS A,562
OHIO,1982,HEPATITIS A,774
OHIO,1983,HEPATITIS A,779
OHIO,1984,HEPATITIS A,595
OHIO,1985,HEPATITIS A,298
OHIO,1986,HEPATITIS A,290
OHIO,1987,HEPATITIS A,246
OHIO,1988,HEPATITIS A,124
OHIO,1989,HEPATITIS A,270
OHIO,1990,HEPATITIS A,229
OHIO,1991,HEPATITIS A,233
OHIO,1992,HEPATITIS A,282
OHIO,1993,HEPATITIS A,175
OHIO,1994,HEPATITIS A,615
OHIO,1995,HEPATITIS A,1346
OHIO,1996,HEPATITIS A,652
OHIO,1997,HEPATITIS A,262
OHIO,1998,HEPATITIS A,308
OHIO,1999,HEPATITIS A,441
OHIO,2000,HEPATITIS A,215
OHIO,2001,HEPATITIS A,231
OHIO,2002,HEPATITIS A,318
OHIO,2003,HEPATITIS A,174
OHIO,2004,HEPATITIS A,47
OHIO,2005,HEPATITIS A,50
OHIO,2006,HEPATITIS A,53
OHIO,2007,HEPATITIS A,68
OHIO,2008,HEPATITIS A,52
OHIO,2009,HEPATITIS A,36
OHIO,2010,HEPATITIS A,48
OHIO,2011,HEPATITIS A,39
OKLAHOMA,1966,HEPATITIS A,99
OKLAHOMA,1967,HEPATITIS A,298
OKLAHOMA,1968,HEPATITIS A,448
OKLAHOMA,1969,HEPATITIS A,349
OKLAHOMA,1970,HEPATITIS A,400
OKLAHOMA,1971,HEPATITIS A,790
OKLAHOMA,1972,HEPATITIS A,755
OKLAHOMA,1973,HEPATITIS A,964
OKLAHOMA,1974,HEPATITIS A,586
OKLAHOMA,1975,HEPATITIS A,447
OKLAHOMA,1976,HEPATITIS A,863
OKLAHOMA,1977,HEPATITIS A,396
OKLAHOMA,1978,HEPATITIS A,334
OKLAHOMA,1979,HEPATITIS A,272
OKLAHOMA,1980,HEPATITIS A,286
OKLAHOMA,1981,HEPATITIS A,278
OKLAHOMA,1982,HEPATITIS A,706
OKLAHOMA,1983,HEPATITIS A,759
OKLAHOMA,1984,HEPATITIS A,443
OKLAHOMA,1985,HEPATITIS A,346
OKLAHOMA,1986,HEPATITIS A,275
OKLAHOMA,1987,HEPATITIS A,324
OKLAHOMA,1988,HEPATITIS A,290
OKLAHOMA,1989,HEPATITIS A,337
OKLAHOMA,1990,HEPATITIS A,468
OKLAHOMA,1991,HEPATITIS A,207
OKLAHOMA,1992,HEPATITIS A,146
OKLAHOMA,1993,HEPATITIS A,169
OKLAHOMA,1994,HEPATITIS A,259
OKLAHOMA,1995,HEPATITIS A,1215
OKLAHOMA,1996,HEPATITIS A,2197
OKLAHOMA,1997,HEPATITIS A,710
OKLAHOMA,1998,HEPATITIS A,439
OKLAHOMA,1999,HEPATITIS A,424
OKLAHOMA,2000,HEPATITIS A,169
OKLAHOMA,2001,HEPATITIS A,105
OKLAHOMA,2002,HEPATITIS A,50
OKLAHOMA,2003,HEPATITIS A,24
OKLAHOMA,2004,HEPATITIS A,15
OKLAHOMA,2005,HEPATITIS A,5
OKLAHOMA,2006,HEPATITIS A,11
OKLAHOMA,2007,HEPATITIS A,13
OKLAHOMA,2008,HEPATITIS A,8
OKLAHOMA,2009,HEPATITIS A,6
OKLAHOMA,2010,HEPATITIS A,2
OKLAHOMA,2011,HEPATITIS A,3
OREGON,1966,HEPATITIS A,1061
OREGON,1967,HEPATITIS A,877
OREGON,1968,HEPATITIS A,827
OREGON,1969,HEPATITIS A,794
OREGON,1970,HEPATITIS A,1008
OREGON,1971,HEPATITIS A,1430
OREGON,1972,HEPATITIS A,1408
OREGON,1973,HEPATITIS A,1115
OREGON,1974,HEPATITIS A,778
OREGON,1975,HEPATITIS A,673
OREGON,1976,HEPATITIS A,710
OREGON,1977,HEPATITIS A,738
OREGON,1978,HEPATITIS A,979
OREGON,1979,HEPATITIS A,764
OREGON,1980,HEPATITIS A,553
OREGON,1981,HEPATITIS A,475
OREGON,1982,HEPATITIS A,355
OREGON,1983,HEPATITIS A,760
OREGON,1984,HEPATITIS A,980
OREGON,1985,HEPATITIS A,1458
OREGON,1986,HEPATITIS A,1539
OREGON,1987,HEPATITIS A,1281
OREGON,1988,HEPATITIS A,673
OREGON,1989,HEPATITIS A,1550
OREGON,1990,HEPATITIS A,629
OREGON,1991,HEPATITIS A,325
OREGON,1992,HEPATITIS A,287
OREGON,1993,HEPATITIS A,51
OREGON,1994,HEPATITIS A,521
OREGON,1995,HEPATITIS A,1445
OREGON,1996,HEPATITIS A,672
OREGON,1997,HEPATITIS A,189
OREGON,1998,HEPATITIS A,247
OREGON,1999,HEPATITIS A,179
OREGON,2000,HEPATITIS A,156
OREGON,2001,HEPATITIS A,90
OREGON,2002,HEPATITIS A,63
OREGON,2003,HEPATITIS A,55
OREGON,2004,HEPATITIS A,67
OREGON,2005,HEPATITIS A,44
OREGON,2006,HEPATITIS A,41
OREGON,2007,HEPATITIS A,30
OREGON,2008,HEPATITIS A,28
OREGON,2009,HEPATITIS A,19
OREGON,2010,HEPATITIS A,19
OREGON,2011,HEPATITIS A,13
PENNSYLVANIA,1966,HEPATITIS A,1678
PENNSYLVANIA,1967,HEPATITIS A,1507
PENNSYLVANIA,1968,HEPATITIS A,1783
PENNSYLVANIA,1969,HEPATITIS A,2224
PENNSYLVANIA,1970,HEPATITIS A,2863
PENNSYLVANIA,1971,HEPATITIS A,2758
PENNSYLVANIA,1972,HEPATITIS A,1361
PENNSYLVANIA,1973,HEPATITIS A,1686
PENNSYLVANIA,1974,HEPATITIS A,1041
PENNSYLVANIA,1975,HEPATITIS A,931
PENNSYLVANIA,1976,HEPATITIS A,835
PENNSYLVANIA,1977,HEPATITIS A,781
PENNSYLVANIA,1978,HEPATITIS A,393
PENNSYLVANIA,1979,HEPATITIS A,313
PENNSYLVANIA,1980,HEPATITIS A,332
PENNSYLVANIA,1981,HEPATITIS A,183
PENNSYLVANIA,1982,HEPATITIS A,654
PENNSYLVANIA,1983,HEPATITIS A,584
PENNSYLVANIA,1984,HEPATITIS A,421
PENNSYLVANIA,1985,HEPATITIS A,341
PENNSYLVANIA,1986,HEPATITIS A,184
PENNSYLVANIA,1987,HEPATITIS A,81
PENNSYLVANIA,1988,HEPATITIS A,396
PENNSYLVANIA,1989,HEPATITIS A,1585
PENNSYLVANIA,1990,HEPATITIS A,1340
PENNSYLVANIA,1991,HEPATITIS A,327
PENNSYLVANIA,1992,HEPATITIS A,186
PENNSYLVANIA,1993,HEPATITIS A,72
PENNSYLVANIA,1994,HEPATITIS A,172
PENNSYLVANIA,1995,HEPATITIS A,173
PENNSYLVANIA,1996,HEPATITIS A,436
PENNSYLVANIA,1997,HEPATITIS A,273
PENNSYLVANIA,1998,HEPATITIS A,258
PENNSYLVANIA,1999,HEPATITIS A,230
PENNSYLVANIA,2000,HEPATITIS A,138
PENNSYLVANIA,2001,HEPATITIS A,185
PENNSYLVANIA,2002,HEPATITIS A,197
PENNSYLVANIA,2003,HEPATITIS A,990
PENNSYLVANIA,2004,HEPATITIS A,143
PENNSYLVANIA,2005,HEPATITIS A,163
PENNSYLVANIA,2006,HEPATITIS A,47
PENNSYLVANIA,2007,HEPATITIS A,67
PENNSYLVANIA,2008,HEPATITIS A,107
PENNSYLVANIA,2009,HEPATITIS A,44
PENNSYLVANIA,2010,HEPATITIS A,40
PENNSYLVANIA,2011,HEPATITIS A,51
RHODE ISLAND,1966,HEPATITIS A,138
RHODE ISLAND,1967,HEPATITIS A,195
RHODE ISLAND,1968,HEPATITIS A,393
RHODE ISLAND,1969,HEPATITIS A,805
RHODE ISLAND,1970,HEPATITIS A,659
RHODE ISLAND,1971,HEPATITIS A,611
RHODE ISLAND,1972,HEPATITIS A,330
RHODE ISLAND,1973,HEPATITIS A,401
RHODE ISLAND,1974,HEPATITIS A,316
RHODE ISLAND,1975,HEPATITIS A,267
RHODE ISLAND,1976,HEPATITIS A,164
RHODE ISLAND,1977,HEPATITIS A,113
RHODE ISLAND,1978,HEPATITIS A,94
RHODE ISLAND,1979,HEPATITIS A,100
RHODE ISLAND,1980,HEPATITIS A,79
RHODE ISLAND,1981,HEPATITIS A,87
RHODE ISLAND,1982,HEPATITIS A,81
RHODE ISLAND,1983,HEPATITIS A,36
RHODE ISLAND,1984,HEPATITIS A,23
RHODE ISLAND,1985,HEPATITIS A,15
RHODE ISLAND,1986,HEPATITIS A,27
RHODE ISLAND,1987,HEPATITIS A,97
RHODE ISLAND,1988,HEPATITIS A,40
RHODE ISLAND,1989,HEPATITIS A,32
RHODE ISLAND,1990,HEPATITIS A,45
RHODE ISLAND,1991,HEPATITIS A,88
RHODE ISLAND,1992,HEPATITIS A,106
RHODE ISLAND,1993,HEPATITIS A,35
RHODE ISLAND,1994,HEPATITIS A,20
RHODE ISLAND,1995,HEPATITIS A,37
RHODE ISLAND,1996,HEPATITIS A,20
RHODE ISLAND,1997,HEPATITIS A,44
RHODE ISLAND,1998,HEPATITIS A,12
RHODE ISLAND,1999,HEPATITIS A,18
RHODE ISLAND,2000,HEPATITIS A,23
RHODE ISLAND,2001,HEPATITIS A,59
RHODE ISLAND,2002,HEPATITIS A,28
RHODE ISLAND,2003,HEPATITIS A,13
RHODE ISLAND,2004,HEPATITIS A,19
RHODE ISLAND,2005,HEPATITIS A,14
RHODE ISLAND,2006,HEPATITIS A,16
RHODE ISLAND,2007,HEPATITIS A,9
RHODE ISLAND,2008,HEPATITIS A,13
RHODE ISLAND,2009,HEPATITIS A,4
RHODE ISLAND,2010,HEPATITIS A,4
RHODE ISLAND,2011,HEPATITIS A,3
SOUTH CAROLINA,1966,HEPATITIS A,84
SOUTH CAROLINA,1967,HEPATITIS A,112
SOUTH CAROLINA,1968,HEPATITIS A,158
SOUTH CAROLINA,1969,HEPATITIS A,321
SOUTH CAROLINA,1970,HEPATITIS A,375
SOUTH CAROLINA,1971,HEPATITIS A,344
SOUTH CAROLINA,1972,HEPATITIS A,408
SOUTH CAROLINA,1973,HEPATITIS A,551
SOUTH CAROLINA,1974,HEPATITIS A,291
SOUTH CAROLINA,1975,HEPATITIS A,367
SOUTH CAROLINA,1976,HEPATITIS A,253
SOUTH CAROLINA,1977,HEPATITIS A,148
SOUTH CAROLINA,1978,HEPATITIS A,91
SOUTH CAROLINA,1979,HEPATITIS A,192
SOUTH CAROLINA,1980,HEPATITIS A,97
SOUTH CAROLINA,1981,HEPATITIS A,102
SOUTH CAROLINA,1982,HEPATITIS A,309
SOUTH CAROLINA,1983,HEPATITIS A,225
SOUTH CAROLINA,1984,HEPATITIS A,32
SOUTH CAROLINA,1985,HEPATITIS A,35
SOUTH CAROLINA,1986,HEPATITIS A,33
SOUTH CAROLINA,1987,HEPATITIS A,52
SOUTH CAROLINA,1988,HEPATITIS A,17
SOUTH CAROLINA,1989,HEPATITIS A,56
SOUTH CAROLINA,1990,HEPATITIS A,35
SOUTH CAROLINA,1991,HEPATITIS A,33
SOUTH CAROLINA,1992,HEPATITIS A,14
SOUTH CAROLINA,1993,HEPATITIS A,5
SOUTH CAROLINA,1994,HEPATITIS A,29
SOUTH CAROLINA,1995,HEPATITIS A,36
SOUTH CAROLINA,1996,HEPATITIS A,53
SOUTH CAROLINA,1997,HEPATITIS A,42
SOUTH CAROLINA,1998,HEPATITIS A,37
SOUTH CAROLINA,1999,HEPATITIS A,39
SOUTH CAROLINA,2000,HEPATITIS A,70
SOUTH CAROLINA,2001,HEPATITIS A,55
SOUTH CAROLINA,2002,HEPATITIS A,63
SOUTH CAROLINA,2003,HEPATITIS A,33
SOUTH CAROLINA,2004,HEPATITIS A,23
SOUTH CAROLINA,2005,HEPATITIS A,38
SOUTH CAROLINA,2006,HEPATITIS A,18
SOUTH CAROLINA,2007,HEPATITIS A,17
SOUTH CAROLINA,2008,HEPATITIS A,16
SOUTH CAROLINA,2009,HEPATITIS A,45
SOUTH CAROLINA,2010,HEPATITIS A,22
SOUTH CAROLINA,2011,HEPATITIS A,8
SOUTH DAKOTA,1966,HEPATITIS A,14
SOUTH DAKOTA,1967,HEPATITIS A,13
SOUTH DAKOTA,1968,HEPATITIS A,77
SOUTH DAKOTA,1969,HEPATITIS A,86
SOUTH DAKOTA,1970,HEPATITIS A,21
SOUTH DAKOTA,1971,HEPATITIS A,185
SOUTH DAKOTA,1972,HEPATITIS A,129
SOUTH DAKOTA,1973,HEPATITIS A,228
SOUTH DAKOTA,1974,HEPATITIS A,154
SOUTH DAKOTA,1975,HEPATITIS A,41
SOUTH DAKOTA,1976,HEPATITIS A,74
SOUTH DAKOTA,1977,HEPATITIS A,33
SOUTH DAKOTA,1978,HEPATITIS A,140
SOUTH DAKOTA,1979,HEPATITIS A,182
SOUTH DAKOTA,1980,HEPATITIS A,64
SOUTH DAKOTA,1981,HEPATITIS A,35
SOUTH DAKOTA,1982,HEPATITIS A,13
SOUTH DAKOTA,1983,HEPATITIS A,190
SOUTH DAKOTA,1984,HEPATITIS A,207
SOUTH DAKOTA,1985,HEPATITIS A,236
SOUTH DAKOTA,1986,HEPATITIS A,159
SOUTH DAKOTA,1987,HEPATITIS A,14
SOUTH DAKOTA,1988,HEPATITIS A,21
SOUTH DAKOTA,1989,HEPATITIS A,19
SOUTH DAKOTA,1990,HEPATITIS A,422
SOUTH DAKOTA,1991,HEPATITIS A,695
SOUTH DAKOTA,1992,HEPATITIS A,167
SOUTH DAKOTA,1993,HEPATITIS A,9
SOUTH DAKOTA,1994,HEPATITIS A,21
SOUTH DAKOTA,1995,HEPATITIS A,64
SOUTH DAKOTA,1996,HEPATITIS A,34
SOUTH DAKOTA,1997,HEPATITIS A,6
SOUTH DAKOTA,1998,HEPATITIS A,25
SOUTH DAKOTA,1999,HEPATITIS A,6
SOUTH DAKOTA,2000,HEPATITIS A,1
SOUTH DAKOTA,2001,HEPATITIS A,0
SOUTH DAKOTA,2002,HEPATITIS A,2
SOUTH DAKOTA,2004,HEPATITIS A,2
SOUTH DAKOTA,2005,HEPATITIS A,0
SOUTH DAKOTA,2006,HEPATITIS A,8
SOUTH DAKOTA,2007,HEPATITIS A,5
SOUTH DAKOTA,2008,HEPATITIS A,4
SOUTH DAKOTA,2009,HEPATITIS A,2
SOUTH DAKOTA,2010,HEPATITIS A,0
SOUTH DAKOTA,2011,HEPATITIS A,0
TENNESSEE,1966,HEPATITIS A,997
TENNESSEE,1967,HEPATITIS A,838
TENNESSEE,1968,HEPATITIS A,1034
TENNESSEE,1969,HEPATITIS A,1014
TENNESSEE,1970,HEPATITIS A,1267
TENNESSEE,1971,HEPATITIS A,1426
TENNESSEE,1972,HEPATITIS A,1264
TENNESSEE,1973,HEPATITIS A,1755
TENNESSEE,1974,HEPATITIS A,1663
TENNESSEE,1975,HEPATITIS A,1170
TENNESSEE,1976,HEPATITIS A,1170
TENNESSEE,1977,HEPATITIS A,958
TENNESSEE,1978,HEPATITIS A,694
TENNESSEE,1979,HEPATITIS A,538
TENNESSEE,1980,HEPATITIS A,379
TENNESSEE,1981,HEPATITIS A,417
TENNESSEE,1982,HEPATITIS A,335
TENNESSEE,1983,HEPATITIS A,222
TENNESSEE,1984,HEPATITIS A,102
TENNESSEE,1985,HEPATITIS A,74
TENNESSEE,1986,HEPATITIS A,63
TENNESSEE,1987,HEPATITIS A,49
TENNESSEE,1988,HEPATITIS A,58
TENNESSEE,1989,HEPATITIS A,78
TENNESSEE,1990,HEPATITIS A,158
TENNESSEE,1991,HEPATITIS A,122
TENNESSEE,1992,HEPATITIS A,76
TENNESSEE,1993,HEPATITIS A,63
TENNESSEE,1994,HEPATITIS A,161
TENNESSEE,1995,HEPATITIS A,811
TENNESSEE,1996,HEPATITIS A,350
TENNESSEE,1997,HEPATITIS A,164
TENNESSEE,1998,HEPATITIS A,139
TENNESSEE,1999,HEPATITIS A,126
TENNESSEE,2000,HEPATITIS A,120
TENNESSEE,2001,HEPATITIS A,135
TENNESSEE,2002,HEPATITIS A,61
TENNESSEE,2003,HEPATITIS A,187
TENNESSEE,2004,HEPATITIS A,73
TENNESSEE,2005,HEPATITIS A,146
TENNESSEE,2006,HEPATITIS A,44
TENNESSEE,2007,HEPATITIS A,44
TENNESSEE,2008,HEPATITIS A,27
TENNESSEE,2009,HEPATITIS A,14
TENNESSEE,2010,HEPATITIS A,12
TENNESSEE,2011,HEPATITIS A,20
TEXAS,1966,HEPATITIS A,1808
TEXAS,1967,HEPATITIS A,2727
TEXAS,1968,HEPATITIS A,2190
TEXAS,1969,HEPATITIS A,2312
TEXAS,1970,HEPATITIS A,2741
TEXAS,1971,HEPATITIS A,3731
TEXAS,1972,HEPATITIS A,3407
TEXAS,1973,HEPATITIS A,4569
TEXAS,1974,HEPATITIS A,3200
TEXAS,1975,HEPATITIS A,2845
TEXAS,1976,HEPATITIS A,1531
TEXAS,1977,HEPATITIS A,2053
TEXAS,1978,HEPATITIS A,2578
TEXAS,1979,HEPATITIS A,3278
TEXAS,1980,HEPATITIS A,2066
TEXAS,1981,HEPATITIS A,2470
TEXAS,1982,HEPATITIS A,3088
TEXAS,1983,HEPATITIS A,2839
TEXAS,1984,HEPATITIS A,2014
TEXAS,1985,HEPATITIS A,1965
TEXAS,1986,HEPATITIS A,1443
TEXAS,1987,HEPATITIS A,1690
TEXAS,1988,HEPATITIS A,1020
TEXAS,1989,HEPATITIS A,1965
TEXAS,1990,HEPATITIS A,1886
TEXAS,1991,HEPATITIS A,1825
TEXAS,1992,HEPATITIS A,1089
TEXAS,1993,HEPATITIS A,1319
TEXAS,1994,HEPATITIS A,1651
TEXAS,1995,HEPATITIS A,2062
TEXAS,1996,HEPATITIS A,2555
TEXAS,1997,HEPATITIS A,1994
TEXAS,1998,HEPATITIS A,2540
TEXAS,1999,HEPATITIS A,1776
TEXAS,2000,HEPATITIS A,1016
TEXAS,2001,HEPATITIS A,971
TEXAS,2002,HEPATITIS A,424
TEXAS,2003,HEPATITIS A,397
TEXAS,2004,HEPATITIS A,558
TEXAS,2005,HEPATITIS A,161
TEXAS,2006,HEPATITIS A,147
TEXAS,2007,HEPATITIS A,71
TEXAS,2008,HEPATITIS A,61
TEXAS,2009,HEPATITIS A,59
TEXAS,2010,HEPATITIS A,93
TEXAS,2011,HEPATITIS A,91
UTAH,1966,HEPATITIS A,170
UTAH,1967,HEPATITIS A,158
UTAH,1968,HEPATITIS A,259
UTAH,1969,HEPATITIS A,284
UTAH,1970,HEPATITIS A,310
UTAH,1971,HEPATITIS A,493
UTAH,1972,HEPATITIS A,302
UTAH,1973,HEPATITIS A,178
UTAH,1974,HEPATITIS A,203
UTAH,1975,HEPATITIS A,272
UTAH,1976,HEPATITIS A,248
UTAH,1977,HEPATITIS A,206
UTAH,1978,HEPATITIS A,311
UTAH,1979,HEPATITIS A,229
UTAH,1980,HEPATITIS A,166
UTAH,1981,HEPATITIS A,82
UTAH,1982,HEPATITIS A,183
UTAH,1983,HEPATITIS A,142
UTAH,1984,HEPATITIS A,360
UTAH,1985,HEPATITIS A,209
UTAH,1986,HEPATITIS A,137
UTAH,1987,HEPATITIS A,249
UTAH,1988,HEPATITIS A,130
UTAH,1989,HEPATITIS A,269
UTAH,1990,HEPATITIS A,497
UTAH,1991,HEPATITIS A,214
UTAH,1992,HEPATITIS A,376
UTAH,1993,HEPATITIS A,253
UTAH,1994,HEPATITIS A,426
UTAH,1995,HEPATITIS A,564
UTAH,1996,HEPATITIS A,924
UTAH,1997,HEPATITIS A,275
UTAH,1998,HEPATITIS A,119
UTAH,1999,HEPATITIS A,43
UTAH,2000,HEPATITIS A,58
UTAH,2001,HEPATITIS A,59
UTAH,2002,HEPATITIS A,62
UTAH,2003,HEPATITIS A,46
UTAH,2004,HEPATITIS A,45
UTAH,2005,HEPATITIS A,21
UTAH,2006,HEPATITIS A,15
UTAH,2007,HEPATITIS A,5
UTAH,2008,HEPATITIS A,12
UTAH,2009,HEPATITIS A,5
UTAH,2010,HEPATITIS A,9
UTAH,2011,HEPATITIS A,2
VERMONT,1966,HEPATITIS A,23
VERMONT,1967,HEPATITIS A,15
VERMONT,1968,HEPATITIS A,67
VERMONT,1969,HEPATITIS A,149
VERMONT,1970,HEPATITIS A,367
VERMONT,1971,HEPATITIS A,432
VERMONT,1972,HEPATITIS A,208
VERMONT,1973,HEPATITIS A,250
VERMONT,1974,HEPATITIS A,123
VERMONT,1975,HEPATITIS A,59
VERMONT,1976,HEPATITIS A,43
VERMONT,1977,HEPATITIS A,41
VERMONT,1978,HEPATITIS A,53
VERMONT,1979,HEPATITIS A,51
VERMONT,1980,HEPATITIS A,31
VERMONT,1981,HEPATITIS A,45
VERMONT,1982,HEPATITIS A,53
VERMONT,1983,HEPATITIS A,30
VERMONT,1984,HEPATITIS A,12
VERMONT,1985,HEPATITIS A,22
VERMONT,1986,HEPATITIS A,15
VERMONT,1987,HEPATITIS A,14
VERMONT,1988,HEPATITIS A,5
VERMONT,1989,HEPATITIS A,16
VERMONT,1990,HEPATITIS A,4
VERMONT,1991,HEPATITIS A,14
VERMONT,1992,HEPATITIS A,8
VERMONT,1993,HEPATITIS A,3
VERMONT,1994,HEPATITIS A,8
VERMONT,1995,HEPATITIS A,3
VERMONT,1996,HEPATITIS A,11
VERMONT,1997,HEPATITIS A,7
VERMONT,1998,HEPATITIS A,4
VERMONT,1999,HEPATITIS A,22
VERMONT,2000,HEPATITIS A,7
VERMONT,2001,HEPATITIS A,14
VERMONT,2002,HEPATITIS A,0
VERMONT,2003,HEPATITIS A,6
VERMONT,2004,HEPATITIS A,7
VERMONT,2005,HEPATITIS A,5
VERMONT,2006,HEPATITIS A,9
VERMONT,2007,HEPATITIS A,6
VERMONT,2008,HEPATITIS A,2
VERMONT,2009,HEPATITIS A,1
VERMONT,2011,HEPATITIS A,5
VIRGINIA,1966,HEPATITIS A,580
VIRGINIA,1967,HEPATITIS A,709
VIRGINIA,1968,HEPATITIS A,577
VIRGINIA,1969,HEPATITIS A,431
VIRGINIA,1970,HEPATITIS A,1353
VIRGINIA,1971,HEPATITIS A,1480
VIRGINIA,1972,HEPATITIS A,927
VIRGINIA,1973,HEPATITIS A,758
VIRGINIA,1974,HEPATITIS A,484
VIRGINIA,1975,HEPATITIS A,400
VIRGINIA,1976,HEPATITIS A,345
VIRGINIA,1977,HEPATITIS A,332
VIRGINIA,1978,HEPATITIS A,273
VIRGINIA,1979,HEPATITIS A,260
VIRGINIA,1980,HEPATITIS A,236
VIRGINIA,1981,HEPATITIS A,192
VIRGINIA,1982,HEPATITIS A,195
VIRGINIA,1983,HEPATITIS A,126
VIRGINIA,1984,HEPATITIS A,120
VIRGINIA,1985,HEPATITIS A,138
VIRGINIA,1986,HEPATITIS A,104
VIRGINIA,1987,HEPATITIS A,236
VIRGINIA,1988,HEPATITIS A,163
VIRGINIA,1989,HEPATITIS A,169
VIRGINIA,1990,HEPATITIS A,241
VIRGINIA,1991,HEPATITIS A,145
VIRGINIA,1992,HEPATITIS A,102
VIRGINIA,1993,HEPATITIS A,84
VIRGINIA,1994,HEPATITIS A,105
VIRGINIA,1995,HEPATITIS A,190
VIRGINIA,1996,HEPATITIS A,174
VIRGINIA,1997,HEPATITIS A,121
VIRGINIA,1998,HEPATITIS A,152
VIRGINIA,1999,HEPATITIS A,123
VIRGINIA,2000,HEPATITIS A,121
VIRGINIA,2001,HEPATITIS A,116
VIRGINIA,2002,HEPATITIS A,141
VIRGINIA,2003,HEPATITIS A,106
VIRGINIA,2004,HEPATITIS A,135
VIRGINIA,2005,HEPATITIS A,78
VIRGINIA,2006,HEPATITIS A,52
VIRGINIA,2007,HEPATITIS A,62
VIRGINIA,2008,HEPATITIS A,39
VIRGINIA,2009,HEPATITIS A,35
VIRGINIA,2010,HEPATITIS A,41
VIRGINIA,2011,HEPATITIS A,26
WASHINGTON,1966,HEPATITIS A,579
WASHINGTON,1967,HEPATITIS A,879
WASHINGTON,1968,HEPATITIS A,1191
WASHINGTON,1969,HEPATITIS A,1259
WASHINGTON,1970,HEPATITIS A,1374
WASHINGTON,1971,HEPATITIS A,1287
WASHINGTON,1972,HEPATITIS A,1063
WASHINGTON,1973,HEPATITIS A,1071
WASHINGTON,1974,HEPATITIS A,676
WASHINGTON,1975,HEPATITIS A,735
WASHINGTON,1976,HEPATITIS A,445
WASHINGTON,1977,HEPATITIS A,567
WASHINGTON,1978,HEPATITIS A,857
WASHINGTON,1979,HEPATITIS A,934
WASHINGTON,1980,HEPATITIS A,374
WASHINGTON,1981,HEPATITIS A,583
WASHINGTON,1982,HEPATITIS A,422
WASHINGTON,1983,HEPATITIS A,247
WASHINGTON,1984,HEPATITIS A,363
WASHINGTON,1985,HEPATITIS A,580
WASHINGTON,1986,HEPATITIS A,823
WASHINGTON,1987,HEPATITIS A,2431
WASHINGTON,1988,HEPATITIS A,1153
WASHINGTON,1989,HEPATITIS A,2002
WASHINGTON,1990,HEPATITIS A,1134
WASHINGTON,1991,HEPATITIS A,423
WASHINGTON,1992,HEPATITIS A,527
WASHINGTON,1993,HEPATITIS A,445
WASHINGTON,1994,HEPATITIS A,277
WASHINGTON,1995,HEPATITIS A,612
WASHINGTON,1996,HEPATITIS A,658
WASHINGTON,1997,HEPATITIS A,340
WASHINGTON,1998,HEPATITIS A,710
WASHINGTON,1999,HEPATITIS A,331
WASHINGTON,2000,HEPATITIS A,234
WASHINGTON,2001,HEPATITIS A,118
WASHINGTON,2002,HEPATITIS A,142
WASHINGTON,2003,HEPATITIS A,56
WASHINGTON,2004,HEPATITIS A,53
WASHINGTON,2005,HEPATITIS A,52
WASHINGTON,2006,HEPATITIS A,53
WASHINGTON,2007,HEPATITIS A,56
WASHINGTON,2008,HEPATITIS A,43
WASHINGTON,2009,HEPATITIS A,42
WASHINGTON,2010,HEPATITIS A,20
WASHINGTON,2011,HEPATITIS A,28
WEST VIRGINIA,1966,HEPATITIS A,243
WEST VIRGINIA,1967,HEPATITIS A,363
WEST VIRGINIA,1968,HEPATITIS A,333
WEST VIRGINIA,1969,HEPATITIS A,338
WEST VIRGINIA,1970,HEPATITIS A,383
WEST VIRGINIA,1971,HEPATITIS A,510
WEST VIRGINIA,1972,HEPATITIS A,385
WEST VIRGINIA,1973,HEPATITIS A,325
WEST VIRGINIA,1974,HEPATITIS A,153
WEST VIRGINIA,1975,HEPATITIS A,162
WEST VIRGINIA,1976,HEPATITIS A,262
WEST VIRGINIA,1977,HEPATITIS A,311
WEST VIRGINIA,1978,HEPATITIS A,151
WEST VIRGINIA,1979,HEPATITIS A,138
WEST VIRGINIA,1980,HEPATITIS A,85
WEST VIRGINIA,1981,HEPATITIS A,106
WEST VIRGINIA,1982,HEPATITIS A,81
WEST VIRGINIA,1983,HEPATITIS A,64
WEST VIRGINIA,1984,HEPATITIS A,31
WEST VIRGINIA,1985,HEPATITIS A,29
WEST VIRGINIA,1986,HEPATITIS A,54
WEST VIRGINIA,1987,HEPATITIS A,19
WEST VIRGINIA,1988,HEPATITIS A,9
WEST VIRGINIA,1989,HEPATITIS A,16
WEST VIRGINIA,1990,HEPATITIS A,21
WEST VIRGINIA,1991,HEPATITIS A,13
WEST VIRGINIA,1992,HEPATITIS A,8
WEST VIRGINIA,1993,HEPATITIS A,21
WEST VIRGINIA,1994,HEPATITIS A,10
WEST VIRGINIA,1995,HEPATITIS A,18
WEST VIRGINIA,1996,HEPATITIS A,15
WEST VIRGINIA,1997,HEPATITIS A,5
WEST VIRGINIA,1998,HEPATITIS A,4
WEST VIRGINIA,1999,HEPATITIS A,31
WEST VIRGINIA,2000,HEPATITIS A,46
WEST VIRGINIA,2001,HEPATITIS A,24
WEST VIRGINIA,2002,HEPATITIS A,20
WEST VIRGINIA,2003,HEPATITIS A,12
WEST VIRGINIA,2004,HEPATITIS A,5
WEST VIRGINIA,2005,HEPATITIS A,10
WEST VIRGINIA,2006,HEPATITIS A,5
WEST VIRGINIA,2007,HEPATITIS A,9
WEST VIRGINIA,2008,HEPATITIS A,4
WEST VIRGINIA,2009,HEPATITIS A,6
WEST VIRGINIA,2010,HEPATITIS A,9
WEST VIRGINIA,2011,HEPATITIS A,4
WISCONSIN,1966,HEPATITIS A,378
WISCONSIN,1967,HEPATITIS A,446
WISCONSIN,1968,HEPATITIS A,542
WISCONSIN,1969,HEPATITIS A,415
WISCONSIN,1970,HEPATITIS A,480
WISCONSIN,1971,HEPATITIS A,423
WISCONSIN,1972,HEPATITIS A,317
WISCONSIN,1973,HEPATITIS A,331
WISCONSIN,1974,HEPATITIS A,581
WISCONSIN,1975,HEPATITIS A,425
WISCONSIN,1976,HEPATITIS A,327
WISCONSIN,1977,HEPATITIS A,419
WISCONSIN,1978,HEPATITIS A,274
WISCONSIN,1979,HEPATITIS A,262
WISCONSIN,1980,HEPATITIS A,211
WISCONSIN,1981,HEPATITIS A,74
WISCONSIN,1982,HEPATITIS A,77
WISCONSIN,1983,HEPATITIS A,3
WISCONSIN,1984,HEPATITIS A,5
WISCONSIN,1987,HEPATITIS A,2
WISCONSIN,1988,HEPATITIS A,120
WISCONSIN,1989,HEPATITIS A,168
WISCONSIN,1990,HEPATITIS A,322
WISCONSIN,1991,HEPATITIS A,449
WISCONSIN,1992,HEPATITIS A,575
WISCONSIN,1993,HEPATITIS A,346
WISCONSIN,1994,HEPATITIS A,124
WISCONSIN,1995,HEPATITIS A,130
WISCONSIN,1996,HEPATITIS A,141
WISCONSIN,1997,HEPATITIS A,75
WISCONSIN,1998,HEPATITIS A,117
WISCONSIN,1999,HEPATITIS A,44
WISCONSIN,2000,HEPATITIS A,12
WISCONSIN,2001,HEPATITIS A,62
WISCONSIN,2002,HEPATITIS A,175
WISCONSIN,2003,HEPATITIS A,35
WISCONSIN,2004,HEPATITIS A,48
WISCONSIN,2005,HEPATITIS A,36
WISCONSIN,2006,HEPATITIS A,37
WISCONSIN,2007,HEPATITIS A,3
WISCONSIN,2008,HEPATITIS A,32
WISCONSIN,2009,HEPATITIS A,20
WISCONSIN,2010,HEPATITIS A,26
WISCONSIN,2011,HEPATITIS A,5
WYOMING,1966,HEPATITIS A,54
WYOMING,1967,HEPATITIS A,65
WYOMING,1968,HEPATITIS A,37
WYOMING,1969,HEPATITIS A,81
WYOMING,1970,HEPATITIS A,83
WYOMING,1971,HEPATITIS A,49
WYOMING,1972,HEPATITIS A,43
WYOMING,1973,HEPATITIS A,47
WYOMING,1974,HEPATITIS A,47
WYOMING,1975,HEPATITIS A,34
WYOMING,1976,HEPATITIS A,9
WYOMING,1977,HEPATITIS A,20
WYOMING,1978,HEPATITIS A,29
WYOMING,1979,HEPATITIS A,21
WYOMING,1980,HEPATITIS A,17
WYOMING,1981,HEPATITIS A,78
WYOMING,1982,HEPATITIS A,78
WYOMING,1983,HEPATITIS A,31
WYOMING,1984,HEPATITIS A,29
WYOMING,1985,HEPATITIS A,9
WYOMING,1986,HEPATITIS A,15
WYOMING,1987,HEPATITIS A,19
WYOMING,1988,HEPATITIS A,3
WYOMING,1989,HEPATITIS A,38
WYOMING,1990,HEPATITIS A,72
WYOMING,1991,HEPATITIS A,86
WYOMING,1992,HEPATITIS A,4
WYOMING,1993,HEPATITIS A,10
WYOMING,1994,HEPATITIS A,17
WYOMING,1995,HEPATITIS A,89
WYOMING,1996,HEPATITIS A,35
WYOMING,1997,HEPATITIS A,22
WYOMING,1998,HEPATITIS A,25
WYOMING,1999,HEPATITIS A,6
WYOMING,2000,HEPATITIS A,16
WYOMING,2001,HEPATITIS A,23
WYOMING,2002,HEPATITIS A,2
WYOMING,2003,HEPATITIS A,1
WYOMING,2004,HEPATITIS A,5
WYOMING,2006,HEPATITIS A,2
WYOMING,2007,HEPATITIS A,2
WYOMING,2008,HEPATITIS A,2
WYOMING,2009,HEPATITIS A,0
WYOMING,2010,HEPATITIS A,3
WYOMING,2011,HEPATITIS A,1
