state_name,year,cases
ALABAMA,1928,8843
ALABAMA,1929,2959
ALABAMA,1930,4156
ALABAMA,1931,8934
ALABAMA,1932,270
ALABAMA,1933,1735
ALABAMA,1934,15849
ALABAMA,1935,7214
ALABAMA,1936,570
ALABAMA,1937,620
ALABAMA,1938,13841
ALABAMA,1939,5143
ALABAMA,1940,3280
ALABAMA,1941,8634
ALABAMA,1942,3712
ALABAMA,1943,3798
ALABAMA,1944,7086
ALABAMA,1945,759
ALABAMA,1946,3691
ALABAMA,1947,3745
ALABAMA,1948,2051
ALABAMA,1949,11066
ALABAMA,1950,1556
ALABAMA,1951,3158
ALABAMA,1952,10797
ALABAMA,1953,2869
ALABAMA,1954,8451
ALABAMA,1955,2125
ALABAMA,1956,7117
ALABAMA,1957,9320
ALABAMA,1958,7664
ALABAMA,1959,3467
ALABAMA,1960,2075
ALABAMA,1961,2588
ALABAMA,1962,2379
ALABAMA,1963,1165
ALABAMA,1964,18118
ALABAMA,1965,2346
ALABAMA,1966,1813
ALABAMA,1967,1346
ALABAMA,1968,159
ALABAMA,1969,12
ALABAMA,1970,487
ALABAMA,1971,1955
ALABAMA,1972,143
ALABAMA,1973,15
ALABAMA,1974,21
ALABAMA,1975,5
ALABAMA,1977,79
ALABAMA,1978,132
ALABAMA,1979,129
ALABAMA,1980,22
ALABAMA,1981,0
ALABAMA,1982,2
ALABAMA,1983,1
ALABAMA,1984,0
ALABAMA,1986,1
ALABAMA,1987,4
ALABAMA,1988,1
ALABAMA,1989,61
ALABAMA,1990,28
ALABAMA,1991,1
ALABAMA,1993,1
ALABAMA,1997,6
ALABAMA,1998,0
ALABAMA,2002,7
ALASKA,1954,1487
ALASKA,1955,537
ALASKA,1956,2511
ALASKA,1957,958
ALASKA,1958,1259
ALASKA,1959,1829
ALASKA,1960,1456
ALASKA,1961,1002
ALASKA,1962,1406
ALASKA,1963,1849
ALASKA,1964,1157
ALASKA,1965,215
ALASKA,1966,641
ALASKA,1967,148
ALASKA,1968,11
ALASKA,1969,20
ALASKA,1970,106
ALASKA,1971,63
ALASKA,1972,13
ALASKA,1973,5
ALASKA,1974,1
ALASKA,1976,11
ALASKA,1977,61
ALASKA,1978,2
ALASKA,1979,18
ALASKA,1980,6
ALASKA,1982,1
ALASKA,1988,1
ALASKA,1989,0
ALASKA,1990,27
ALASKA,1991,1
ALASKA,1992,4
ALASKA,1994,16
ALASKA,1996,68
ALASKA,1997,1
ALASKA,1998,16
ALASKA,2000,1
ARIZONA,1928,847
ARIZONA,1929,236
ARIZONA,1930,2024
ARIZONA,1931,2135
ARIZONA,1932,86
ARIZONA,1933,1261
ARIZONA,1934,1022
ARIZONA,1935,586
ARIZONA,1936,2328
ARIZONA,1937,3793
ARIZONA,1938,699
ARIZONA,1939,702
ARIZONA,1940,1697
ARIZONA,1941,3015
ARIZONA,1942,3884
ARIZONA,1943,1195
ARIZONA,1944,4495
ARIZONA,1945,558
ARIZONA,1946,3073
ARIZONA,1947,1467
ARIZONA,1948,4302
ARIZONA,1949,3795
ARIZONA,1950,2389
ARIZONA,1951,10609
ARIZONA,1952,3576
ARIZONA,1953,4988
ARIZONA,1954,4959
ARIZONA,1955,10107
ARIZONA,1956,6785
ARIZONA,1957,7886
ARIZONA,1958,9845
ARIZONA,1959,9067
ARIZONA,1960,4305
ARIZONA,1961,7868
ARIZONA,1962,6350
ARIZONA,1963,8878
ARIZONA,1964,6310
ARIZONA,1965,1593
ARIZONA,1966,5438
ARIZONA,1967,1022
ARIZONA,1968,245
ARIZONA,1969,542
ARIZONA,1970,1006
ARIZONA,1971,509
ARIZONA,1972,868
ARIZONA,1973,26
ARIZONA,1974,21
ARIZONA,1975,83
ARIZONA,1976,243
ARIZONA,1977,218
ARIZONA,1978,66
ARIZONA,1979,88
ARIZONA,1980,326
ARIZONA,1981,11
ARIZONA,1982,16
ARIZONA,1985,248
ARIZONA,1986,256
ARIZONA,1987,35
ARIZONA,1988,3
ARIZONA,1989,145
ARIZONA,1990,285
ARIZONA,1991,342
ARIZONA,1992,0
ARIZONA,1993,3
ARIZONA,1994,9
ARIZONA,1995,12
ARIZONA,1996,8
ARIZONA,1997,9
ARIZONA,1998,10
ARIZONA,1999,1
ARIZONA,2001,1
ARKANSAS,1928,8899
ARKANSAS,1929,1245
ARKANSAS,1930,994
ARKANSAS,1931,849
ARKANSAS,1932,99
ARKANSAS,1933,5438
ARKANSAS,1934,7222
ARKANSAS,1935,1518
ARKANSAS,1936,107
ARKANSAS,1937,322
ARKANSAS,1938,6881
ARKANSAS,1939,2410
ARKANSAS,1940,1414
ARKANSAS,1941,5393
ARKANSAS,1942,4602
ARKANSAS,1943,2998
ARKANSAS,1944,3669
ARKANSAS,1945,1226
ARKANSAS,1946,3028
ARKANSAS,1947,2399
ARKANSAS,1948,3802
ARKANSAS,1949,12313
ARKANSAS,1950,1739
ARKANSAS,1951,7625
ARKANSAS,1952,3470
ARKANSAS,1953,12948
ARKANSAS,1954,2619
ARKANSAS,1955,2994
ARKANSAS,1956,8637
ARKANSAS,1957,1358
ARKANSAS,1958,3002
ARKANSAS,1959,816
ARKANSAS,1960,1596
ARKANSAS,1961,1684
ARKANSAS,1962,1438
ARKANSAS,1963,1453
ARKANSAS,1964,1106
ARKANSAS,1965,1195
ARKANSAS,1966,1377
ARKANSAS,1967,1269
ARKANSAS,1968,3
ARKANSAS,1969,29
ARKANSAS,1970,33
ARKANSAS,1971,442
ARKANSAS,1972,13
ARKANSAS,1973,77
ARKANSAS,1974,14
ARKANSAS,1975,2
ARKANSAS,1976,20
ARKANSAS,1977,46
ARKANSAS,1978,22
ARKANSAS,1979,11
ARKANSAS,1980,18
ARKANSAS,1981,14
ARKANSAS,1983,1
ARKANSAS,1984,9
ARKANSAS,1986,286
ARKANSAS,1989,5
ARKANSAS,1990,41
ARKANSAS,1995,2
ARKANSAS,1997,3
ARKANSAS,1999,4
ARKANSAS,2000,1
CALIFORNIA,1928,3698
CALIFORNIA,1929,4024
CALIFORNIA,1930,43416
CALIFORNIA,1931,27807
CALIFORNIA,1932,12618
CALIFORNIA,1933,26551
CALIFORNIA,1934,25650
CALIFORNIA,1935,28799
CALIFORNIA,1936,49050
CALIFORNIA,1937,5107
CALIFORNIA,1938,18527
CALIFORNIA,1939,63748
CALIFORNIA,1940,26167
CALIFORNIA,1941,12624
CALIFORNIA,1942,94525
CALIFORNIA,1943,28929
CALIFORNIA,1944,53667
CALIFORNIA,1945,31721
CALIFORNIA,1946,54981
CALIFORNIA,1947,7372
CALIFORNIA,1948,49097
CALIFORNIA,1949,33161
CALIFORNIA,1950,14728
CALIFORNIA,1951,61055
CALIFORNIA,1952,39016
CALIFORNIA,1953,53771
CALIFORNIA,1954,60293
CALIFORNIA,1955,67434
CALIFORNIA,1956,32254
CALIFORNIA,1957,50403
CALIFORNIA,1958,35074
CALIFORNIA,1959,38951
CALIFORNIA,1960,22222
CALIFORNIA,1961,36853
CALIFORNIA,1962,28140
CALIFORNIA,1963,20028
CALIFORNIA,1964,32650
CALIFORNIA,1965,13864
CALIFORNIA,1966,15197
CALIFORNIA,1967,5260
CALIFORNIA,1968,1648
CALIFORNIA,1969,898
CALIFORNIA,1970,1949
CALIFORNIA,1971,2864
CALIFORNIA,1972,3222
CALIFORNIA,1973,804
CALIFORNIA,1974,1103
CALIFORNIA,1975,5217
CALIFORNIA,1976,2324
CALIFORNIA,1977,7938
CALIFORNIA,1978,646
CALIFORNIA,1979,974
CALIFORNIA,1980,886
CALIFORNIA,1981,347
CALIFORNIA,1982,800
CALIFORNIA,1983,156
CALIFORNIA,1984,312
CALIFORNIA,1985,259
CALIFORNIA,1986,429
CALIFORNIA,1987,774
CALIFORNIA,1988,735
CALIFORNIA,1989,2192
CALIFORNIA,1990,9598
CALIFORNIA,1991,1963
CALIFORNIA,1992,61
CALIFORNIA,1993,63
CALIFORNIA,1994,64
CALIFORNIA,1995,38
CALIFORNIA,1996,45
CALIFORNIA,1997,35
CALIFORNIA,1998,4
CALIFORNIA,1999,18
CALIFORNIA,2000,15
CALIFORNIA,2001,34
CALIFORNIA,2002,0
COLORADO,1928,2099
COLORADO,1929,748
COLORADO,1930,11781
COLORADO,1931,4787
COLORADO,1932,2376
COLORADO,1933,297
COLORADO,1934,12946
COLORADO,1935,12786
COLORADO,1936,597
COLORADO,1937,1027
COLORADO,1938,9163
COLORADO,1939,5886
COLORADO,1940,2625
COLORADO,1941,7438
COLORADO,1942,5628
COLORADO,1943,11266
COLORADO,1944,6329
COLORADO,1945,1072
COLORADO,1946,11943
COLORADO,1947,1769
COLORADO,1948,9135
COLORADO,1949,7221
COLORADO,1950,5239
COLORADO,1951,12385
COLORADO,1952,5287
COLORADO,1953,9788
COLORADO,1954,1906
COLORADO,1955,4902
COLORADO,1956,14190
COLORADO,1957,2887
COLORADO,1958,9436
COLORADO,1959,7037
COLORADO,1960,6806
COLORADO,1961,3879
COLORADO,1962,9001
COLORADO,1963,6298
COLORADO,1964,3240
COLORADO,1965,6009
COLORADO,1966,1445
COLORADO,1967,1635
COLORADO,1968,499
COLORADO,1969,139
COLORADO,1970,240
COLORADO,1971,894
COLORADO,1972,522
COLORADO,1973,166
COLORADO,1974,158
COLORADO,1975,1170
COLORADO,1976,450
COLORADO,1977,434
COLORADO,1978,50
COLORADO,1979,73
COLORADO,1980,24
COLORADO,1981,8
COLORADO,1982,7
COLORADO,1985,9
COLORADO,1986,5
COLORADO,1987,9
COLORADO,1988,116
COLORADO,1989,100
COLORADO,1990,139
COLORADO,1991,11
COLORADO,1992,22
COLORADO,1993,0
COLORADO,1994,20
COLORADO,1995,26
COLORADO,1996,7
COLORADO,1997,29
COLORADO,1999,0
COLORADO,2000,3
CONNECTICUT,1928,10014
CONNECTICUT,1929,9800
CONNECTICUT,1930,1810
CONNECTICUT,1931,12869
CONNECTICUT,1932,5701
CONNECTICUT,1933,5430
CONNECTICUT,1934,4659
CONNECTICUT,1935,24149
CONNECTICUT,1936,3828
CONNECTICUT,1937,10181
CONNECTICUT,1938,1816
CONNECTICUT,1939,15904
CONNECTICUT,1940,6436
CONNECTICUT,1941,6366
CONNECTICUT,1942,10537
CONNECTICUT,1943,9865
CONNECTICUT,1944,8775
CONNECTICUT,1945,3012
CONNECTICUT,1946,7585
CONNECTICUT,1947,16030
CONNECTICUT,1948,2832
CONNECTICUT,1949,19012
CONNECTICUT,1950,3980
CONNECTICUT,1951,4612
CONNECTICUT,1952,24540
CONNECTICUT,1953,2168
CONNECTICUT,1954,5026
CONNECTICUT,1955,28902
CONNECTICUT,1956,2697
CONNECTICUT,1957,9672
CONNECTICUT,1958,15792
CONNECTICUT,1959,13030
CONNECTICUT,1960,11057
CONNECTICUT,1961,6768
CONNECTICUT,1962,17790
CONNECTICUT,1963,5859
CONNECTICUT,1964,5289
CONNECTICUT,1965,9222
CONNECTICUT,1966,944
CONNECTICUT,1967,106
CONNECTICUT,1968,707
CONNECTICUT,1969,642
CONNECTICUT,1970,116
CONNECTICUT,1971,1194
CONNECTICUT,1972,1536
CONNECTICUT,1973,1819
CONNECTICUT,1974,174
CONNECTICUT,1975,129
CONNECTICUT,1976,237
CONNECTICUT,1977,774
CONNECTICUT,1978,528
CONNECTICUT,1979,4
CONNECTICUT,1980,27
CONNECTICUT,1981,9
CONNECTICUT,1982,8
CONNECTICUT,1983,0
CONNECTICUT,1984,10
CONNECTICUT,1985,6
CONNECTICUT,1986,9
CONNECTICUT,1987,22
CONNECTICUT,1988,17
CONNECTICUT,1989,215
CONNECTICUT,1990,188
CONNECTICUT,1991,23
CONNECTICUT,1992,2
CONNECTICUT,1993,6
CONNECTICUT,1994,4
CONNECTICUT,1995,1
CONNECTICUT,1996,1
CONNECTICUT,1997,0
CONNECTICUT,1999,0
CONNECTICUT,2001,0
DELAWARE,1928,597
DELAWARE,1929,566
DELAWARE,1930,261
DELAWARE,1931,2428
DELAWARE,1932,39
DELAWARE,1933,205
DELAWARE,1934,3063
DELAWARE,1935,1040
DELAWARE,1936,1407
DELAWARE,1937,1796
DELAWARE,1938,608
DELAWARE,1939,252
DELAWARE,1940,101
DELAWARE,1941,3489
DELAWARE,1942,253
DELAWARE,1943,1593
DELAWARE,1944,396
DELAWARE,1945,279
DELAWARE,1946,596
DELAWARE,1947,61
DELAWARE,1948,1040
DELAWARE,1949,741
DELAWARE,1950,625
DELAWARE,1951,690
DELAWARE,1952,410
DELAWARE,1953,407
DELAWARE,1954,1942
DELAWARE,1955,105
DELAWARE,1956,866
DELAWARE,1957,333
DELAWARE,1958,515
DELAWARE,1959,616
DELAWARE,1960,956
DELAWARE,1961,1698
DELAWARE,1962,607
DELAWARE,1963,1201
DELAWARE,1964,394
DELAWARE,1965,519
DELAWARE,1966,264
DELAWARE,1967,56
DELAWARE,1968,24
DELAWARE,1969,506
DELAWARE,1970,268
DELAWARE,1971,42
DELAWARE,1972,56
DELAWARE,1973,10
DELAWARE,1974,16
DELAWARE,1975,35
DELAWARE,1976,111
DELAWARE,1977,7
DELAWARE,1978,11
DELAWARE,1979,1
DELAWARE,1980,4
DELAWARE,1986,1
DELAWARE,1987,20
DELAWARE,1989,36
DELAWARE,1990,9
DELAWARE,1991,19
DELAWARE,1992,3
DELAWARE,1993,2
DELAWARE,1996,1
DELAWARE,1998,0
DISTRICT OF COLUMBIA,1928,2566
DISTRICT OF COLUMBIA,1929,455
DISTRICT OF COLUMBIA,1930,889
DISTRICT OF COLUMBIA,1931,4198
DISTRICT OF COLUMBIA,1932,273
DISTRICT OF COLUMBIA,1933,533
DISTRICT OF COLUMBIA,1934,6461
DISTRICT OF COLUMBIA,1935,929
DISTRICT OF COLUMBIA,1936,2111
DISTRICT OF COLUMBIA,1937,2053
DISTRICT OF COLUMBIA,1938,742
DISTRICT OF COLUMBIA,1939,3276
DISTRICT OF COLUMBIA,1940,883
DISTRICT OF COLUMBIA,1941,3730
DISTRICT OF COLUMBIA,1942,1624
DISTRICT OF COLUMBIA,1943,2109
DISTRICT OF COLUMBIA,1944,2733
DISTRICT OF COLUMBIA,1945,348
DISTRICT OF COLUMBIA,1946,4190
DISTRICT OF COLUMBIA,1947,534
DISTRICT OF COLUMBIA,1948,2563
DISTRICT OF COLUMBIA,1949,2248
DISTRICT OF COLUMBIA,1950,1721
DISTRICT OF COLUMBIA,1951,1496
DISTRICT OF COLUMBIA,1952,2308
DISTRICT OF COLUMBIA,1953,357
DISTRICT OF COLUMBIA,1954,3032
DISTRICT OF COLUMBIA,1955,453
DISTRICT OF COLUMBIA,1956,1596
DISTRICT OF COLUMBIA,1957,876
DISTRICT OF COLUMBIA,1958,1420
DISTRICT OF COLUMBIA,1959,397
DISTRICT OF COLUMBIA,1960,1210
DISTRICT OF COLUMBIA,1961,366
DISTRICT OF COLUMBIA,1962,703
DISTRICT OF COLUMBIA,1963,221
DISTRICT OF COLUMBIA,1964,344
DISTRICT OF COLUMBIA,1965,157
DISTRICT OF COLUMBIA,1966,390
DISTRICT OF COLUMBIA,1967,27
DISTRICT OF COLUMBIA,1968,6
DISTRICT OF COLUMBIA,1969,45
DISTRICT OF COLUMBIA,1970,345
DISTRICT OF COLUMBIA,1971,16
DISTRICT OF COLUMBIA,1972,2
DISTRICT OF COLUMBIA,1973,10
DISTRICT OF COLUMBIA,1974,1
DISTRICT OF COLUMBIA,1975,2
DISTRICT OF COLUMBIA,1976,13
DISTRICT OF COLUMBIA,1977,14
DISTRICT OF COLUMBIA,1978,2
DISTRICT OF COLUMBIA,1979,1
DISTRICT OF COLUMBIA,1980,5
DISTRICT OF COLUMBIA,1981,2
DISTRICT OF COLUMBIA,1982,1
DISTRICT OF COLUMBIA,1985,28
DISTRICT OF COLUMBIA,1989,41
DISTRICT OF COLUMBIA,1990,22
DISTRICT OF COLUMBIA,1992,2
DISTRICT OF COLUMBIA,1996,0
DISTRICT OF COLUMBIA,1997,2
FLORIDA,1928,1714
FLORIDA,1929,1127
FLORIDA,1930,5245
FLORIDA,1931,3894
FLORIDA,1932,207
FLORIDA,1933,993
FLORIDA,1934,8015
FLORIDA,1935,1174
FLORIDA,1936,302
FLORIDA,1937,394
FLORIDA,1938,9175
FLORIDA,1939,2895
FLORIDA,1940,2192
FLORIDA,1941,9273
FLORIDA,1942,4081
FLORIDA,1943,1683
FLORIDA,1944,4594
FLORIDA,1945,977
FLORIDA,1946,2854
FLORIDA,1947,1343
FLORIDA,1948,3928
FLORIDA,1949,3843
FLORIDA,1950,2344
FLORIDA,1951,2270
FLORIDA,1952,3478
FLORIDA,1953,1276
FLORIDA,1954,10945
FLORIDA,1955,1427
FLORIDA,1956,5149
FLORIDA,1957,5262
FLORIDA,1958,12347
FLORIDA,1959,3592
FLORIDA,1960,3723
FLORIDA,1961,6695
FLORIDA,1962,4154
FLORIDA,1963,3754
FLORIDA,1964,7028
FLORIDA,1965,3708
FLORIDA,1966,3931
FLORIDA,1967,1806
FLORIDA,1968,573
FLORIDA,1969,611
FLORIDA,1970,1445
FLORIDA,1971,2316
FLORIDA,1972,1396
FLORIDA,1973,393
FLORIDA,1974,228
FLORIDA,1975,82
FLORIDA,1976,337
FLORIDA,1977,301
FLORIDA,1978,1094
FLORIDA,1979,607
FLORIDA,1980,407
FLORIDA,1981,300
FLORIDA,1982,214
FLORIDA,1983,161
FLORIDA,1984,16
FLORIDA,1985,113
FLORIDA,1986,400
FLORIDA,1987,85
FLORIDA,1988,167
FLORIDA,1989,203
FLORIDA,1990,371
FLORIDA,1991,297
FLORIDA,1992,41
FLORIDA,1993,27
FLORIDA,1994,21
FLORIDA,1995,9
FLORIDA,1996,0
FLORIDA,1997,8
FLORIDA,1998,1
FLORIDA,1999,1
FLORIDA,2000,2
FLORIDA,2002,1
GEORGIA,1928,4637
GEORGIA,1929,1180
GEORGIA,1930,4459
GEORGIA,1931,3053
GEORGIA,1932,1009
GEORGIA,1933,4628
GEORGIA,1934,22965
GEORGIA,1935,31
GEORGIA,1936,8
GEORGIA,1938,9272
GEORGIA,1939,3623
GEORGIA,1940,2934
GEORGIA,1941,9350
GEORGIA,1942,5417
GEORGIA,1943,4105
GEORGIA,1944,5448
GEORGIA,1945,860
GEORGIA,1946,3798
GEORGIA,1947,3352
GEORGIA,1948,1233
GEORGIA,1949,9599
GEORGIA,1950,2159
GEORGIA,1951,7523
GEORGIA,1952,8084
GEORGIA,1953,3078
GEORGIA,1954,6773
GEORGIA,1955,2478
GEORGIA,1956,4770
GEORGIA,1957,5860
GEORGIA,1958,6664
GEORGIA,1959,445
GEORGIA,1960,217
GEORGIA,1961,413
GEORGIA,1962,418
GEORGIA,1963,200
GEORGIA,1964,211
GEORGIA,1965,655
GEORGIA,1966,244
GEORGIA,1967,42
GEORGIA,1968,4
GEORGIA,1969,2
GEORGIA,1970,18
GEORGIA,1971,1135
GEORGIA,1972,176
GEORGIA,1973,51
GEORGIA,1974,3
GEORGIA,1975,40
GEORGIA,1976,5
GEORGIA,1977,762
GEORGIA,1978,56
GEORGIA,1979,555
GEORGIA,1980,847
GEORGIA,1981,110
GEORGIA,1983,8
GEORGIA,1984,3
GEORGIA,1985,8
GEORGIA,1986,93
GEORGIA,1987,9
GEORGIA,1989,17
GEORGIA,1990,358
GEORGIA,1991,15
GEORGIA,1992,3
GEORGIA,1993,1
GEORGIA,1994,3
GEORGIA,1995,5
GEORGIA,1996,1
GEORGIA,1997,0
GEORGIA,1998,1
GEORGIA,2001,1
GEORGIA,2002,1
HAWAII,1950,66
HAWAII,1951,4910
HAWAII,1954,504
HAWAII,1955,6395
HAWAII,1956,5154
HAWAII,1957,5059
HAWAII,1958,575
HAWAII,1959,3686
HAWAII,1960,5322
HAWAII,1961,195
HAWAII,1962,2649
HAWAII,1963,3559
HAWAII,1964,862
HAWAII,1965,4054
HAWAII,1966,145
HAWAII,1967,177
HAWAII,1968,37
HAWAII,1969,53
HAWAII,1970,192
HAWAII,1971,489
HAWAII,1972,96
HAWAII,1973,30
HAWAII,1974,63
HAWAII,1975,65
HAWAII,1976,11
HAWAII,1977,44
HAWAII,1978,21
HAWAII,1979,77
HAWAII,1980,9
HAWAII,1981,8
HAWAII,1982,5
HAWAII,1983,1
HAWAII,1984,173
HAWAII,1985,24
HAWAII,1986,30
HAWAII,1987,2
HAWAII,1988,20
HAWAII,1989,31
HAWAII,1990,41
HAWAII,1991,22
HAWAII,1992,49
HAWAII,1993,15
HAWAII,1995,0
HAWAII,1996,34
HAWAII,1997,6
HAWAII,1999,1
HAWAII,2000,2
HAWAII,2001,7
HAWAII,2002,1
IDAHO,1928,88
IDAHO,1929,717
IDAHO,1930,879
IDAHO,1931,118
IDAHO,1932,40
IDAHO,1933,898
IDAHO,1934,1194
IDAHO,1935,877
IDAHO,1936,1300
IDAHO,1937,1233
IDAHO,1938,2189
IDAHO,1939,3619
IDAHO,1940,1767
IDAHO,1941,511
IDAHO,1942,1890
IDAHO,1943,3256
IDAHO,1944,965
IDAHO,1945,1319
IDAHO,1946,2209
IDAHO,1947,268
IDAHO,1948,1517
IDAHO,1949,2913
IDAHO,1950,1912
IDAHO,1951,2109
IDAHO,1952,1156
IDAHO,1953,1933
IDAHO,1954,4405
IDAHO,1955,703
IDAHO,1956,1994
IDAHO,1957,3126
IDAHO,1958,3824
IDAHO,1959,1624
IDAHO,1960,2831
IDAHO,1961,1927
IDAHO,1962,1620
IDAHO,1963,3910
IDAHO,1964,2286
IDAHO,1965,3119
IDAHO,1966,1701
IDAHO,1967,413
IDAHO,1968,21
IDAHO,1969,90
IDAHO,1970,98
IDAHO,1971,274
IDAHO,1972,110
IDAHO,1973,256
IDAHO,1974,54
IDAHO,1975,20
IDAHO,1976,1982
IDAHO,1977,169
IDAHO,1978,4
IDAHO,1979,22
IDAHO,1981,2
IDAHO,1983,1
IDAHO,1985,62
IDAHO,1986,1
IDAHO,1989,8
IDAHO,1990,22
IDAHO,1991,439
IDAHO,1994,2
IDAHO,1995,4
IDAHO,1996,2
IDAHO,1997,81
IDAHO,1998,1
IDAHO,2001,2
IDAHO,2002,0
ILLINOIS,1928,7444
ILLINOIS,1929,38503
ILLINOIS,1930,16517
ILLINOIS,1931,39738
ILLINOIS,1932,16113
ILLINOIS,1933,12092
ILLINOIS,1934,44676
ILLINOIS,1935,58229
ILLINOIS,1936,1207
ILLINOIS,1937,11545
ILLINOIS,1938,90081
ILLINOIS,1939,7900
ILLINOIS,1940,6658
ILLINOIS,1941,49021
ILLINOIS,1942,10693
ILLINOIS,1943,25494
ILLINOIS,1944,18513
ILLINOIS,1945,7850
ILLINOIS,1946,24314
ILLINOIS,1947,7630
ILLINOIS,1948,36515
ILLINOIS,1949,5715
ILLINOIS,1950,17507
ILLINOIS,1951,16494
ILLINOIS,1952,26386
ILLINOIS,1953,15746
ILLINOIS,1954,33190
ILLINOIS,1955,13649
ILLINOIS,1956,42124
ILLINOIS,1957,9692
ILLINOIS,1958,23045
ILLINOIS,1959,9611
ILLINOIS,1960,22656
ILLINOIS,1961,16108
ILLINOIS,1962,16795
ILLINOIS,1963,10247
ILLINOIS,1964,15801
ILLINOIS,1965,4565
ILLINOIS,1966,11521
ILLINOIS,1967,1306
ILLINOIS,1968,1483
ILLINOIS,1969,1120
ILLINOIS,1970,3293
ILLINOIS,1971,3268
ILLINOIS,1972,4524
ILLINOIS,1973,2195
ILLINOIS,1974,2118
ILLINOIS,1975,1867
ILLINOIS,1976,2032
ILLINOIS,1977,1889
ILLINOIS,1978,792
ILLINOIS,1979,1317
ILLINOIS,1980,339
ILLINOIS,1981,28
ILLINOIS,1982,25
ILLINOIS,1983,195
ILLINOIS,1984,153
ILLINOIS,1985,274
ILLINOIS,1986,414
ILLINOIS,1987,187
ILLINOIS,1988,51
ILLINOIS,1989,2551
ILLINOIS,1990,1037
ILLINOIS,1991,6
ILLINOIS,1992,9
ILLINOIS,1993,4
ILLINOIS,1994,18
ILLINOIS,1995,5
ILLINOIS,1996,2
ILLINOIS,1997,9
ILLINOIS,1998,1
ILLINOIS,2000,4
ILLINOIS,2001,1
INDIANA,1928,8470
INDIANA,1929,10391
INDIANA,1930,3915
INDIANA,1931,17628
INDIANA,1932,2914
INDIANA,1933,3570
INDIANA,1934,20943
INDIANA,1935,9967
INDIANA,1936,706
INDIANA,1937,7088
INDIANA,1938,17718
INDIANA,1939,2036
INDIANA,1940,577
INDIANA,1941,13292
INDIANA,1942,3333
INDIANA,1943,9073
INDIANA,1944,5130
INDIANA,1945,1148
INDIANA,1946,10848
INDIANA,1947,2303
INDIANA,1948,14213
INDIANA,1949,3964
INDIANA,1950,6721
INDIANA,1951,4178
INDIANA,1952,7434
INDIANA,1953,6799
INDIANA,1954,22049
INDIANA,1955,3769
INDIANA,1956,16415
INDIANA,1957,8167
INDIANA,1958,18173
INDIANA,1959,4595
INDIANA,1960,10427
INDIANA,1961,5898
INDIANA,1962,7661
INDIANA,1963,5871
INDIANA,1964,22281
INDIANA,1965,2366
INDIANA,1966,5817
INDIANA,1967,678
INDIANA,1968,789
INDIANA,1969,540
INDIANA,1970,287
INDIANA,1971,3086
INDIANA,1972,1271
INDIANA,1973,712
INDIANA,1974,258
INDIANA,1975,519
INDIANA,1976,4337
INDIANA,1977,3894
INDIANA,1978,219
INDIANA,1979,200
INDIANA,1980,110
INDIANA,1981,18
INDIANA,1982,3
INDIANA,1983,371
INDIANA,1984,2
INDIANA,1985,3
INDIANA,1986,38
INDIANA,1988,57
INDIANA,1989,112
INDIANA,1990,249
INDIANA,1991,5
INDIANA,1992,12
INDIANA,1993,1
INDIANA,1994,1
INDIANA,1998,2
INDIANA,1999,1
INDIANA,2001,2
INDIANA,2002,1
IOWA,1928,702
IOWA,1929,2041
IOWA,1930,9791
IOWA,1931,851
IOWA,1932,158
IOWA,1933,824
IOWA,1934,8694
IOWA,1935,21849
IOWA,1936,200
IOWA,1937,269
IOWA,1938,5571
IOWA,1939,5273
IOWA,1940,5399
IOWA,1941,4930
IOWA,1942,6217
IOWA,1943,5668
IOWA,1944,4635
IOWA,1945,1417
IOWA,1946,3960
IOWA,1947,4464
IOWA,1948,8958
IOWA,1949,2243
IOWA,1950,10486
IOWA,1951,2716
IOWA,1952,3177
IOWA,1953,10879
IOWA,1954,12530
IOWA,1955,7679
IOWA,1956,8309
IOWA,1957,8984
IOWA,1958,12560
IOWA,1959,11468
IOWA,1960,1764
IOWA,1961,5306
IOWA,1962,10825
IOWA,1963,7693
IOWA,1964,22512
IOWA,1965,9309
IOWA,1966,5453
IOWA,1967,826
IOWA,1968,183
IOWA,1969,279
IOWA,1970,894
IOWA,1971,2712
IOWA,1972,955
IOWA,1973,292
IOWA,1974,133
IOWA,1975,700
IOWA,1976,42
IOWA,1977,3611
IOWA,1978,87
IOWA,1979,16
IOWA,1980,2
IOWA,1981,1
IOWA,1986,141
IOWA,1989,12
IOWA,1990,26
IOWA,1991,16
IOWA,1994,7
IOWA,1996,0
IOWA,1997,8
IOWA,1998,1
IOWA,2000,2
KANSAS,1928,2533
KANSAS,1929,10370
KANSAS,1930,12555
KANSAS,1931,1758
KANSAS,1932,6150
KANSAS,1933,6289
KANSAS,1934,10066
KANSAS,1935,26190
KANSAS,1936,433
KANSAS,1937,782
KANSAS,1938,10745
KANSAS,1939,2889
KANSAS,1940,8059
KANSAS,1941,13494
KANSAS,1942,9423
KANSAS,1943,9840
KANSAS,1944,9814
KANSAS,1945,1662
KANSAS,1946,11881
KANSAS,1947,892
KANSAS,1948,1103
KANSAS,1949,16984
KANSAS,1950,1785
KANSAS,1951,11158
KANSAS,1952,6454
KANSAS,1953,14973
KANSAS,1954,1355
KANSAS,1955,3046
KANSAS,1956,4254
KANSAS,1957,13
KANSAS,1958,71
KANSAS,1967,97
KANSAS,1968,21
KANSAS,1969,9
KANSAS,1970,76
KANSAS,1971,1409
KANSAS,1972,39
KANSAS,1973,27
KANSAS,1974,188
KANSAS,1975,2147
KANSAS,1976,747
KANSAS,1977,1430
KANSAS,1978,105
KANSAS,1979,75
KANSAS,1980,74
KANSAS,1981,1
KANSAS,1982,44
KANSAS,1985,1
KANSAS,1986,99
KANSAS,1988,1
KANSAS,1989,118
KANSAS,1990,235
KANSAS,1991,9
KANSAS,1992,2
KANSAS,1994,1
KANSAS,1995,1
KANSAS,1996,1
KANSAS,2000,2
KANSAS,2001,1
KENTUCKY,1928,5551
KENTUCKY,1929,1125
KENTUCKY,1930,1841
KENTUCKY,1931,4801
KENTUCKY,1932,1953
KENTUCKY,1933,1560
KENTUCKY,1934,11501
KENTUCKY,1935,14667
KENTUCKY,1936,2205
KENTUCKY,1937,6842
KENTUCKY,1938,11021
KENTUCKY,1939,2258
KENTUCKY,1940,2798
KENTUCKY,1941,17242
KENTUCKY,1942,2353
KENTUCKY,1943,10337
KENTUCKY,1944,2277
KENTUCKY,1945,1588
KENTUCKY,1946,7445
KENTUCKY,1947,845
KENTUCKY,1948,3605
KENTUCKY,1949,8393
KENTUCKY,1950,4775
KENTUCKY,1951,8558
KENTUCKY,1952,10603
KENTUCKY,1953,3907
KENTUCKY,1954,29774
KENTUCKY,1955,2213
KENTUCKY,1956,17687
KENTUCKY,1957,16331
KENTUCKY,1958,18348
KENTUCKY,1959,6647
KENTUCKY,1960,10734
KENTUCKY,1961,11259
KENTUCKY,1962,6229
KENTUCKY,1963,8819
KENTUCKY,1964,15076
KENTUCKY,1965,3802
KENTUCKY,1966,4852
KENTUCKY,1967,1486
KENTUCKY,1968,141
KENTUCKY,1969,71
KENTUCKY,1970,1070
KENTUCKY,1971,3717
KENTUCKY,1972,485
KENTUCKY,1973,422
KENTUCKY,1974,190
KENTUCKY,1975,158
KENTUCKY,1976,782
KENTUCKY,1977,1192
KENTUCKY,1978,122
KENTUCKY,1979,60
KENTUCKY,1980,63
KENTUCKY,1981,1
KENTUCKY,1982,2
KENTUCKY,1984,1
KENTUCKY,1985,2
KENTUCKY,1986,3
KENTUCKY,1988,35
KENTUCKY,1989,43
KENTUCKY,1990,42
KENTUCKY,1991,26
KENTUCKY,1992,280
KENTUCKY,1999,0
KENTUCKY,2001,2
LOUISIANA,1928,5373
LOUISIANA,1929,1853
LOUISIANA,1930,1816
LOUISIANA,1931,244
LOUISIANA,1932,1453
LOUISIANA,1933,931
LOUISIANA,1934,4866
LOUISIANA,1935,2613
LOUISIANA,1936,1296
LOUISIANA,1937,468
LOUISIANA,1938,1025
LOUISIANA,1939,3667
LOUISIANA,1940,1139
LOUISIANA,1941,871
LOUISIANA,1942,3150
LOUISIANA,1943,2731
LOUISIANA,1944,2609
LOUISIANA,1945,1002
LOUISIANA,1946,3230
LOUISIANA,1947,1290
LOUISIANA,1948,1496
LOUISIANA,1949,1359
LOUISIANA,1950,770
LOUISIANA,1951,2180
LOUISIANA,1952,681
LOUISIANA,1953,4469
LOUISIANA,1954,3028
LOUISIANA,1955,167
LOUISIANA,1956,2112
LOUISIANA,1957,1080
LOUISIANA,1958,285
LOUISIANA,1959,68
LOUISIANA,1960,244
LOUISIANA,1961,41
LOUISIANA,1962,230
LOUISIANA,1963,143
LOUISIANA,1964,117
LOUISIANA,1965,134
LOUISIANA,1966,107
LOUISIANA,1967,159
LOUISIANA,1968,28
LOUISIANA,1969,124
LOUISIANA,1970,309
LOUISIANA,1971,1587
LOUISIANA,1972,123
LOUISIANA,1973,90
LOUISIANA,1974,14
LOUISIANA,1975,3
LOUISIANA,1976,314
LOUISIANA,1977,91
LOUISIANA,1978,878
LOUISIANA,1979,260
LOUISIANA,1980,19
LOUISIANA,1981,4
LOUISIANA,1982,15
LOUISIANA,1983,4
LOUISIANA,1984,8
LOUISIANA,1985,42
LOUISIANA,1986,4
LOUISIANA,1989,118
LOUISIANA,1990,0
LOUISIANA,1993,1
LOUISIANA,1994,1
LOUISIANA,1995,18
LOUISIANA,1998,1
MAINE,1928,3204
MAINE,1929,5732
MAINE,1930,1591
MAINE,1931,3505
MAINE,1932,8853
MAINE,1933,110
MAINE,1934,647
MAINE,1935,7171
MAINE,1936,7492
MAINE,1937,1131
MAINE,1938,4300
MAINE,1939,2298
MAINE,1940,7116
MAINE,1941,4752
MAINE,1942,4537
MAINE,1943,2404
MAINE,1944,4896
MAINE,1945,492
MAINE,1946,4810
MAINE,1947,4311
MAINE,1948,2942
MAINE,1949,10013
MAINE,1950,973
MAINE,1951,1768
MAINE,1952,9043
MAINE,1953,1658
MAINE,1954,5810
MAINE,1955,6636
MAINE,1956,1082
MAINE,1957,4516
MAINE,1958,4367
MAINE,1959,2588
MAINE,1960,4027
MAINE,1961,2777
MAINE,1962,7137
MAINE,1963,482
MAINE,1964,3713
MAINE,1965,2949
MAINE,1966,297
MAINE,1967,247
MAINE,1968,35
MAINE,1969,8
MAINE,1970,421
MAINE,1971,1244
MAINE,1972,219
MAINE,1973,57
MAINE,1974,37
MAINE,1975,16
MAINE,1976,10
MAINE,1977,177
MAINE,1978,1322
MAINE,1979,21
MAINE,1980,48
MAINE,1981,5
MAINE,1986,15
MAINE,1987,3
MAINE,1988,8
MAINE,1990,4
MAINE,1991,7
MAINE,1992,3
MAINE,1993,2
MAINE,1994,3
MAINE,1996,0
MAINE,1997,4
MARYLAND,1928,17539
MARYLAND,1929,2043
MARYLAND,1930,1209
MARYLAND,1931,20959
MARYLAND,1932,1093
MARYLAND,1933,697
MARYLAND,1934,26948
MARYLAND,1935,2302
MARYLAND,1936,7073
MARYLAND,1937,12246
MARYLAND,1938,2813
MARYLAND,1939,15295
MARYLAND,1940,4305
MARYLAND,1941,7352
MARYLAND,1942,10695
MARYLAND,1943,4112
MARYLAND,1944,13001
MARYLAND,1945,1833
MARYLAND,1946,10815
MARYLAND,1947,1145
MARYLAND,1948,9888
MARYLAND,1949,17240
MARYLAND,1950,1454
MARYLAND,1951,6568
MARYLAND,1952,8706
MARYLAND,1953,2040
MARYLAND,1954,11648
MARYLAND,1955,2290
MARYLAND,1956,8736
MARYLAND,1957,2289
MARYLAND,1958,6287
MARYLAND,1959,2333
MARYLAND,1960,3251
MARYLAND,1961,4137
MARYLAND,1962,3154
MARYLAND,1963,2034
MARYLAND,1964,3125
MARYLAND,1965,1279
MARYLAND,1966,2133
MARYLAND,1967,182
MARYLAND,1968,104
MARYLAND,1969,99
MARYLAND,1970,1392
MARYLAND,1971,556
MARYLAND,1972,13
MARYLAND,1973,14
MARYLAND,1974,24
MARYLAND,1975,64
MARYLAND,1976,829
MARYLAND,1977,355
MARYLAND,1978,51
MARYLAND,1979,17
MARYLAND,1980,85
MARYLAND,1981,5
MARYLAND,1982,5
MARYLAND,1983,8
MARYLAND,1984,13
MARYLAND,1985,115
MARYLAND,1986,35
MARYLAND,1987,11
MARYLAND,1988,15
MARYLAND,1989,120
MARYLAND,1990,206
MARYLAND,1991,179
MARYLAND,1992,11
MARYLAND,1993,1
MARYLAND,1994,5
MARYLAND,1995,0
MARYLAND,1996,4
MARYLAND,1997,26
MARYLAND,1998,0
MARYLAND,2001,3
MASSACHUSETTS,1928,41371
MASSACHUSETTS,1929,14861
MASSACHUSETTS,1930,26787
MASSACHUSETTS,1931,16431
MASSACHUSETTS,1932,19727
MASSACHUSETTS,1933,15067
MASSACHUSETTS,1934,44749
MASSACHUSETTS,1935,12453
MASSACHUSETTS,1936,26731
MASSACHUSETTS,1937,20846
MASSACHUSETTS,1938,10044
MASSACHUSETTS,1939,23746
MASSACHUSETTS,1940,21541
MASSACHUSETTS,1941,20807
MASSACHUSETTS,1942,24688
MASSACHUSETTS,1943,32022
MASSACHUSETTS,1944,18168
MASSACHUSETTS,1945,7841
MASSACHUSETTS,1946,35880
MASSACHUSETTS,1947,11573
MASSACHUSETTS,1948,31548
MASSACHUSETTS,1949,26401
MASSACHUSETTS,1950,12405
MASSACHUSETTS,1951,14499
MASSACHUSETTS,1952,43721
MASSACHUSETTS,1953,3281
MASSACHUSETTS,1954,23325
MASSACHUSETTS,1955,46745
MASSACHUSETTS,1956,3522
MASSACHUSETTS,1957,10945
MASSACHUSETTS,1958,35819
MASSACHUSETTS,1959,6305
MASSACHUSETTS,1960,21703
MASSACHUSETTS,1961,21735
MASSACHUSETTS,1962,26910
MASSACHUSETTS,1963,4495
MASSACHUSETTS,1964,7407
MASSACHUSETTS,1965,19505
MASSACHUSETTS,1966,831
MASSACHUSETTS,1967,416
MASSACHUSETTS,1968,552
MASSACHUSETTS,1969,371
MASSACHUSETTS,1970,905
MASSACHUSETTS,1971,466
MASSACHUSETTS,1972,1270
MASSACHUSETTS,1973,3993
MASSACHUSETTS,1974,409
MASSACHUSETTS,1975,157
MASSACHUSETTS,1976,43
MASSACHUSETTS,1977,705
MASSACHUSETTS,1978,315
MASSACHUSETTS,1979,27
MASSACHUSETTS,1980,58
MASSACHUSETTS,1981,61
MASSACHUSETTS,1982,5
MASSACHUSETTS,1983,8
MASSACHUSETTS,1984,85
MASSACHUSETTS,1985,81
MASSACHUSETTS,1986,37
MASSACHUSETTS,1987,65
MASSACHUSETTS,1988,5
MASSACHUSETTS,1989,108
MASSACHUSETTS,1990,32
MASSACHUSETTS,1991,43
MASSACHUSETTS,1992,21
MASSACHUSETTS,1993,18
MASSACHUSETTS,1994,6
MASSACHUSETTS,1995,5
MASSACHUSETTS,1996,12
MASSACHUSETTS,1997,54
MASSACHUSETTS,1998,1
MASSACHUSETTS,1999,2
MASSACHUSETTS,2000,0
MASSACHUSETTS,2001,0
MICHIGAN,1928,25544
MICHIGAN,1929,18052
MICHIGAN,1930,28213
MICHIGAN,1931,6403
MICHIGAN,1932,42116
MICHIGAN,1933,22089
MICHIGAN,1934,6355
MICHIGAN,1935,77451
MICHIGAN,1936,2333
MICHIGAN,1937,5743
MICHIGAN,1938,76122
MICHIGAN,1939,16923
MICHIGAN,1940,15933
MICHIGAN,1941,61261
MICHIGAN,1942,9343
MICHIGAN,1943,41360
MICHIGAN,1944,25526
MICHIGAN,1945,6637
MICHIGAN,1946,36885
MICHIGAN,1947,8995
MICHIGAN,1948,34860
MICHIGAN,1949,19761
MICHIGAN,1950,36859
MICHIGAN,1951,14414
MICHIGAN,1952,27106
MICHIGAN,1953,22037
MICHIGAN,1954,40177
MICHIGAN,1955,22520
MICHIGAN,1956,40333
MICHIGAN,1957,17777
MICHIGAN,1958,40667
MICHIGAN,1959,11469
MICHIGAN,1960,35379
MICHIGAN,1961,27580
MICHIGAN,1962,25303
MICHIGAN,1963,41632
MICHIGAN,1964,29023
MICHIGAN,1965,28161
MICHIGAN,1966,14984
MICHIGAN,1967,1151
MICHIGAN,1968,351
MICHIGAN,1969,389
MICHIGAN,1970,1819
MICHIGAN,1971,2605
MICHIGAN,1972,2337
MICHIGAN,1973,4254
MICHIGAN,1974,2288
MICHIGAN,1975,3219
MICHIGAN,1976,6021
MICHIGAN,1977,1243
MICHIGAN,1978,7618
MICHIGAN,1979,875
MICHIGAN,1980,280
MICHIGAN,1981,35
MICHIGAN,1982,56
MICHIGAN,1983,3
MICHIGAN,1984,299
MICHIGAN,1985,70
MICHIGAN,1986,107
MICHIGAN,1987,28
MICHIGAN,1988,31
MICHIGAN,1989,393
MICHIGAN,1990,377
MICHIGAN,1991,35
MICHIGAN,1992,14
MICHIGAN,1993,7
MICHIGAN,1994,15
MICHIGAN,1995,4
MICHIGAN,1996,2
MICHIGAN,1997,8
MICHIGAN,1998,9
MICHIGAN,1999,0
MICHIGAN,2000,2
MINNESOTA,1928,2052
MINNESOTA,1929,12663
MINNESOTA,1930,5641
MINNESOTA,1931,3229
MINNESOTA,1932,2516
MINNESOTA,1933,20110
MINNESOTA,1934,8451
MINNESOTA,1935,28855
MINNESOTA,1936,7738
MINNESOTA,1937,690
MINNESOTA,1938,7057
MINNESOTA,1939,18170
MINNESOTA,1940,8382
MINNESOTA,1941,961
MINNESOTA,1942,15113
MINNESOTA,1943,10258
MINNESOTA,1944,19464
MINNESOTA,1945,1598
MINNESOTA,1946,1226
MINNESOTA,1947,8930
MINNESOTA,1948,8212
MINNESOTA,1949,3359
MINNESOTA,1950,3751
MINNESOTA,1951,2810
MINNESOTA,1952,2942
MINNESOTA,1953,4156
MINNESOTA,1954,2893
MINNESOTA,1955,7146
MINNESOTA,1956,1320
MINNESOTA,1957,7508
MINNESOTA,1958,1254
MINNESOTA,1959,2694
MINNESOTA,1960,4325
MINNESOTA,1961,714
MINNESOTA,1962,1667
MINNESOTA,1963,2710
MINNESOTA,1964,345
MINNESOTA,1965,950
MINNESOTA,1966,1683
MINNESOTA,1967,137
MINNESOTA,1968,19
MINNESOTA,1969,27
MINNESOTA,1970,49
MINNESOTA,1971,79
MINNESOTA,1972,26
MINNESOTA,1973,24
MINNESOTA,1974,85
MINNESOTA,1975,231
MINNESOTA,1976,430
MINNESOTA,1977,2734
MINNESOTA,1978,86
MINNESOTA,1979,1218
MINNESOTA,1980,1106
MINNESOTA,1981,8
MINNESOTA,1983,0
MINNESOTA,1984,45
MINNESOTA,1986,36
MINNESOTA,1987,28
MINNESOTA,1988,21
MINNESOTA,1989,7
MINNESOTA,1990,404
MINNESOTA,1991,27
MINNESOTA,1992,10
MINNESOTA,1996,18
MINNESOTA,1997,17
MINNESOTA,1999,0
MINNESOTA,2000,1
MINNESOTA,2001,2
MINNESOTA,2002,0
MISSISSIPPI,1928,0
MISSISSIPPI,1937,0
MISSISSIPPI,1938,0
MISSISSIPPI,1939,0
MISSISSIPPI,1940,0
MISSISSIPPI,1941,0
MISSISSIPPI,1942,0
MISSISSIPPI,1944,0
MISSISSIPPI,1945,0
MISSISSIPPI,1947,316
MISSISSIPPI,1948,1210
MISSISSIPPI,1949,2226
MISSISSIPPI,1950,2165
MISSISSIPPI,1951,1974
MISSISSIPPI,1952,1394
MISSISSIPPI,1953,2430
MISSISSIPPI,1954,3012
MISSISSIPPI,1955,1499
MISSISSIPPI,1956,2248
MISSISSIPPI,1957,1283
MISSISSIPPI,1958,1408
MISSISSIPPI,1959,1421
MISSISSIPPI,1960,1665
MISSISSIPPI,1961,1520
MISSISSIPPI,1962,2670
MISSISSIPPI,1963,671
MISSISSIPPI,1964,5859
MISSISSIPPI,1965,1150
MISSISSIPPI,1966,1280
MISSISSIPPI,1967,678
MISSISSIPPI,1968,241
MISSISSIPPI,1969,23
MISSISSIPPI,1970,138
MISSISSIPPI,1971,1542
MISSISSIPPI,1972,212
MISSISSIPPI,1973,65
MISSISSIPPI,1974,15
MISSISSIPPI,1975,36
MISSISSIPPI,1976,18
MISSISSIPPI,1977,52
MISSISSIPPI,1978,782
MISSISSIPPI,1979,27
MISSISSIPPI,1980,99
MISSISSIPPI,1982,4
MISSISSIPPI,1983,2
MISSISSIPPI,1985,1
MISSISSIPPI,1986,10
MISSISSIPPI,1987,4
MISSISSIPPI,1988,32
MISSISSIPPI,1989,1
MISSISSIPPI,1990,13
MISSISSIPPI,1992,1
MISSISSIPPI,1997,4
MISSOURI,1928,7154
MISSOURI,1929,6644
MISSOURI,1930,5462
MISSOURI,1931,13723
MISSOURI,1932,1618
MISSOURI,1933,5771
MISSOURI,1934,20414
MISSOURI,1935,13110
MISSOURI,1936,660
MISSOURI,1937,7073
MISSOURI,1938,19869
MISSOURI,1939,2902
MISSOURI,1940,593
MISSOURI,1941,6676
MISSOURI,1942,6842
MISSOURI,1943,7267
MISSOURI,1944,5553
MISSOURI,1945,1063
MISSOURI,1946,6254
MISSOURI,1947,1291
MISSOURI,1948,5775
MISSOURI,1949,7910
MISSOURI,1950,2301
MISSOURI,1951,7571
MISSOURI,1952,2426
MISSOURI,1953,8799
MISSOURI,1954,1541
MISSOURI,1955,3991
MISSOURI,1956,5200
MISSOURI,1957,4283
MISSOURI,1958,3450
MISSOURI,1959,3605
MISSOURI,1960,751
MISSOURI,1961,4441
MISSOURI,1962,1382
MISSOURI,1963,2812
MISSOURI,1964,1074
MISSOURI,1965,2688
MISSOURI,1966,568
MISSOURI,1967,340
MISSOURI,1968,32
MISSOURI,1969,74
MISSOURI,1970,779
MISSOURI,1971,2038
MISSOURI,1972,179
MISSOURI,1973,56
MISSOURI,1974,265
MISSOURI,1975,263
MISSOURI,1976,234
MISSOURI,1977,909
MISSOURI,1978,174
MISSOURI,1979,479
MISSOURI,1980,50
MISSOURI,1981,1
MISSOURI,1982,2
MISSOURI,1983,2
MISSOURI,1984,6
MISSOURI,1985,1
MISSOURI,1986,31
MISSOURI,1987,190
MISSOURI,1988,21
MISSOURI,1989,509
MISSOURI,1990,53
MISSOURI,1992,1
MISSOURI,1993,0
MISSOURI,1994,43
MISSOURI,1995,0
MISSOURI,1996,2
MISSOURI,1997,3
MISSOURI,1999,1
MISSOURI,2001,1
MISSOURI,2002,1
MONTANA,1928,757
MONTANA,1929,4285
MONTANA,1930,633
MONTANA,1931,1538
MONTANA,1932,5443
MONTANA,1933,2270
MONTANA,1934,1940
MONTANA,1935,7824
MONTANA,1936,452
MONTANA,1937,619
MONTANA,1938,6185
MONTANA,1939,10954
MONTANA,1940,2665
MONTANA,1941,876
MONTANA,1942,3050
MONTANA,1943,5444
MONTANA,1944,3381
MONTANA,1945,837
MONTANA,1946,2174
MONTANA,1947,4479
MONTANA,1948,1852
MONTANA,1949,3847
MONTANA,1950,1780
MONTANA,1951,2483
MONTANA,1952,3881
MONTANA,1953,3113
MONTANA,1954,4680
MONTANA,1955,2861
MONTANA,1956,6669
MONTANA,1957,3526
MONTANA,1958,7096
MONTANA,1959,4185
MONTANA,1960,2132
MONTANA,1961,2270
MONTANA,1962,8246
MONTANA,1963,3391
MONTANA,1964,4092
MONTANA,1965,3928
MONTANA,1966,1928
MONTANA,1967,343
MONTANA,1968,68
MONTANA,1969,119
MONTANA,1970,114
MONTANA,1971,812
MONTANA,1972,17
MONTANA,1973,358
MONTANA,1974,346
MONTANA,1975,53
MONTANA,1976,507
MONTANA,1977,936
MONTANA,1978,109
MONTANA,1979,62
MONTANA,1980,2
MONTANA,1985,167
MONTANA,1986,2
MONTANA,1987,137
MONTANA,1988,77
MONTANA,1989,13
NEBRASKA,1928,1083
NEBRASKA,1929,4166
NEBRASKA,1930,10286
NEBRASKA,1931,345
NEBRASKA,1932,438
NEBRASKA,1933,1625
NEBRASKA,1934,4575
NEBRASKA,1935,8795
NEBRASKA,1936,1173
NEBRASKA,1937,462
NEBRASKA,1938,2776
NEBRASKA,1939,3641
NEBRASKA,1940,1705
NEBRASKA,1941,441
NEBRASKA,1942,5311
NEBRASKA,1943,4979
NEBRASKA,1944,2265
NEBRASKA,1945,867
NEBRASKA,1946,4970
NEBRASKA,1947,474
NEBRASKA,1948,3331
NEBRASKA,1949,2708
NEBRASKA,1950,3653
NEBRASKA,1951,549
NEBRASKA,1952,2810
NEBRASKA,1953,2422
NEBRASKA,1954,2568
NEBRASKA,1955,166
NEBRASKA,1956,2495
NEBRASKA,1957,234
NEBRASKA,1958,1505
NEBRASKA,1959,410
NEBRASKA,1960,210
NEBRASKA,1961,639
NEBRASKA,1962,119
NEBRASKA,1963,234
NEBRASKA,1964,810
NEBRASKA,1965,470
NEBRASKA,1966,169
NEBRASKA,1967,532
NEBRASKA,1968,67
NEBRASKA,1969,661
NEBRASKA,1970,787
NEBRASKA,1971,74
NEBRASKA,1972,24
NEBRASKA,1973,6
NEBRASKA,1974,94
NEBRASKA,1975,396
NEBRASKA,1976,55
NEBRASKA,1977,214
NEBRASKA,1978,8
NEBRASKA,1979,67
NEBRASKA,1980,78
NEBRASKA,1981,4
NEBRASKA,1982,3
NEBRASKA,1986,0
NEBRASKA,1989,105
NEBRASKA,1990,79
NEBRASKA,1991,0
NEBRASKA,1994,0
NEBRASKA,1997,1
NEVADA,1940,0
NEVADA,1941,331
NEVADA,1942,1114
NEVADA,1943,601
NEVADA,1944,374
NEVADA,1945,107
NEVADA,1946,181
NEVADA,1947,28
NEVADA,1948,60
NEVADA,1949,95
NEVADA,1950,110
NEVADA,1951,288
NEVADA,1952,517
NEVADA,1953,200
NEVADA,1954,388
NEVADA,1955,392
NEVADA,1956,138
NEVADA,1957,1540
NEVADA,1958,198
NEVADA,1959,614
NEVADA,1960,765
NEVADA,1961,623
NEVADA,1962,674
NEVADA,1963,269
NEVADA,1964,996
NEVADA,1965,225
NEVADA,1966,64
NEVADA,1967,269
NEVADA,1968,8
NEVADA,1969,1
NEVADA,1970,21
NEVADA,1971,7
NEVADA,1972,1
NEVADA,1973,1
NEVADA,1974,166
NEVADA,1975,28
NEVADA,1976,84
NEVADA,1977,78
NEVADA,1978,20
NEVADA,1979,21
NEVADA,1980,12
NEVADA,1981,14
NEVADA,1983,2
NEVADA,1986,3
NEVADA,1987,2
NEVADA,1989,12
NEVADA,1990,216
NEVADA,1991,19
NEVADA,1992,1
NEVADA,1993,1
NEVADA,1995,1
NEVADA,1996,4
NEVADA,1997,1
NEVADA,1999,0
NEVADA,2000,7
NEVADA,2002,0
NEW HAMPSHIRE,1928,1274
NEW HAMPSHIRE,1929,1609
NEW HAMPSHIRE,1930,589
NEW HAMPSHIRE,1931,1406
NEW HAMPSHIRE,1932,717
NEW HAMPSHIRE,1933,1042
NEW HAMPSHIRE,1934,4064
NEW HAMPSHIRE,1935,265
NEW HAMPSHIRE,1936,892
NEW HAMPSHIRE,1937,1891
NEW HAMPSHIRE,1938,1658
NEW HAMPSHIRE,1939,661
NEW HAMPSHIRE,1940,731
NEW HAMPSHIRE,1941,991
NEW HAMPSHIRE,1942,806
NEW HAMPSHIRE,1943,977
NEW HAMPSHIRE,1944,576
NEW HAMPSHIRE,1945,156
NEW HAMPSHIRE,1946,1120
NEW HAMPSHIRE,1947,310
NEW HAMPSHIRE,1948,404
NEW HAMPSHIRE,1949,1229
NEW HAMPSHIRE,1950,183
NEW HAMPSHIRE,1951,1039
NEW HAMPSHIRE,1952,2398
NEW HAMPSHIRE,1953,278
NEW HAMPSHIRE,1954,932
NEW HAMPSHIRE,1955,4631
NEW HAMPSHIRE,1956,200
NEW HAMPSHIRE,1957,395
NEW HAMPSHIRE,1958,2138
NEW HAMPSHIRE,1959,456
NEW HAMPSHIRE,1960,1135
NEW HAMPSHIRE,1961,1450
NEW HAMPSHIRE,1962,1034
NEW HAMPSHIRE,1963,42
NEW HAMPSHIRE,1964,893
NEW HAMPSHIRE,1965,372
NEW HAMPSHIRE,1966,79
NEW HAMPSHIRE,1967,27
NEW HAMPSHIRE,1968,149
NEW HAMPSHIRE,1969,196
NEW HAMPSHIRE,1970,64
NEW HAMPSHIRE,1971,208
NEW HAMPSHIRE,1972,793
NEW HAMPSHIRE,1973,737
NEW HAMPSHIRE,1974,168
NEW HAMPSHIRE,1975,20
NEW HAMPSHIRE,1976,10
NEW HAMPSHIRE,1977,259
NEW HAMPSHIRE,1978,65
NEW HAMPSHIRE,1979,29
NEW HAMPSHIRE,1980,250
NEW HAMPSHIRE,1981,9
NEW HAMPSHIRE,1982,5
NEW HAMPSHIRE,1984,33
NEW HAMPSHIRE,1986,28
NEW HAMPSHIRE,1987,176
NEW HAMPSHIRE,1988,113
NEW HAMPSHIRE,1989,16
NEW HAMPSHIRE,1992,16
NEW HAMPSHIRE,1993,2
NEW HAMPSHIRE,1994,0
NEW HAMPSHIRE,1997,23
NEW HAMPSHIRE,1999,0
NEW HAMPSHIRE,2000,3
NEW JERSEY,1928,31631
NEW JERSEY,1929,7253
NEW JERSEY,1930,24525
NEW JERSEY,1931,20361
NEW JERSEY,1932,15407
NEW JERSEY,1933,29855
NEW JERSEY,1934,14718
NEW JERSEY,1935,32392
NEW JERSEY,1936,8783
NEW JERSEY,1937,45334
NEW JERSEY,1938,29400
NEW JERSEY,1939,4334
NEW JERSEY,1940,12613
NEW JERSEY,1941,44436
NEW JERSEY,1942,13842
NEW JERSEY,1943,39182
NEW JERSEY,1944,27387
NEW JERSEY,1945,3242
NEW JERSEY,1946,51737
NEW JERSEY,1947,11578
NEW JERSEY,1948,34156
NEW JERSEY,1949,34473
NEW JERSEY,1950,29313
NEW JERSEY,1951,19773
NEW JERSEY,1952,65744
NEW JERSEY,1953,4246
NEW JERSEY,1954,23896
NEW JERSEY,1955,51559
NEW JERSEY,1956,19110
NEW JERSEY,1957,26279
NEW JERSEY,1958,25274
NEW JERSEY,1959,30207
NEW JERSEY,1960,10697
NEW JERSEY,1961,18391
NEW JERSEY,1962,32528
NEW JERSEY,1963,10490
NEW JERSEY,1964,11744
NEW JERSEY,1965,4140
NEW JERSEY,1966,2015
NEW JERSEY,1967,612
NEW JERSEY,1968,682
NEW JERSEY,1969,955
NEW JERSEY,1970,1710
NEW JERSEY,1971,1276
NEW JERSEY,1972,415
NEW JERSEY,1973,740
NEW JERSEY,1974,5505
NEW JERSEY,1975,480
NEW JERSEY,1976,626
NEW JERSEY,1977,196
NEW JERSEY,1978,76
NEW JERSEY,1979,50
NEW JERSEY,1980,662
NEW JERSEY,1981,59
NEW JERSEY,1982,6
NEW JERSEY,1983,27
NEW JERSEY,1984,6
NEW JERSEY,1985,25
NEW JERSEY,1986,891
NEW JERSEY,1987,39
NEW JERSEY,1988,329
NEW JERSEY,1989,411
NEW JERSEY,1990,191
NEW JERSEY,1991,1019
NEW JERSEY,1992,32
NEW JERSEY,1993,5
NEW JERSEY,1994,135
NEW JERSEY,1995,4
NEW JERSEY,1996,0
NEW JERSEY,1997,2
NEW JERSEY,1998,7
NEW JERSEY,2001,1
NEW MEXICO,1928,2760
NEW MEXICO,1929,230
NEW MEXICO,1930,2260
NEW MEXICO,1931,1415
NEW MEXICO,1932,1199
NEW MEXICO,1933,668
NEW MEXICO,1934,3374
NEW MEXICO,1935,703
NEW MEXICO,1936,1149
NEW MEXICO,1937,2451
NEW MEXICO,1938,3231
NEW MEXICO,1939,1656
NEW MEXICO,1940,1155
NEW MEXICO,1941,3938
NEW MEXICO,1942,1586
NEW MEXICO,1943,567
NEW MEXICO,1944,1601
NEW MEXICO,1945,365
NEW MEXICO,1946,1209
NEW MEXICO,1947,1320
NEW MEXICO,1948,1055
NEW MEXICO,1949,4324
NEW MEXICO,1950,937
NEW MEXICO,1951,2133
NEW MEXICO,1952,1553
NEW MEXICO,1953,5012
NEW MEXICO,1954,2716
NEW MEXICO,1955,4881
NEW MEXICO,1956,3992
NEW MEXICO,1957,6330
NEW MEXICO,1958,8082
NEW MEXICO,1959,4448
NEW MEXICO,1960,65
NEW MEXICO,1961,20
NEW MEXICO,1964,1118
NEW MEXICO,1965,694
NEW MEXICO,1966,1272
NEW MEXICO,1967,612
NEW MEXICO,1968,176
NEW MEXICO,1969,286
NEW MEXICO,1970,302
NEW MEXICO,1971,402
NEW MEXICO,1972,134
NEW MEXICO,1973,158
NEW MEXICO,1974,62
NEW MEXICO,1975,108
NEW MEXICO,1976,16
NEW MEXICO,1977,24
NEW MEXICO,1979,41
NEW MEXICO,1980,13
NEW MEXICO,1981,15
NEW MEXICO,1984,73
NEW MEXICO,1985,4
NEW MEXICO,1986,38
NEW MEXICO,1987,157
NEW MEXICO,1989,21
NEW MEXICO,1990,101
NEW MEXICO,1991,77
NEW MEXICO,1992,1
NEW MEXICO,1995,31
NEW MEXICO,1996,17
NEW MEXICO,1997,7
NEW YORK,1928,75391
NEW YORK,1929,30318
NEW YORK,1930,39887
NEW YORK,1931,54376
NEW YORK,1932,60464
NEW YORK,1933,72057
NEW YORK,1934,34208
NEW YORK,1935,69073
NEW YORK,1936,64366
NEW YORK,1937,27404
NEW YORK,1938,70111
NEW YORK,1939,44812
NEW YORK,1940,28562
NEW YORK,1941,104747
NEW YORK,1942,24865
NEW YORK,1943,61243
NEW YORK,1944,42287
NEW YORK,1945,6548
NEW YORK,1946,80500
NEW YORK,1947,15097
NEW YORK,1948,47977
NEW YORK,1949,52580
NEW YORK,1950,29924
NEW YORK,1951,35827
NEW YORK,1952,76056
NEW YORK,1953,11516
NEW YORK,1954,86718
NEW YORK,1955,38542
NEW YORK,1956,49716
NEW YORK,1957,38255
NEW YORK,1958,60457
NEW YORK,1959,23392
NEW YORK,1960,46685
NEW YORK,1961,35367
NEW YORK,1962,47224
NEW YORK,1963,18799
NEW YORK,1964,27599
NEW YORK,1965,9296
NEW YORK,1966,10894
NEW YORK,1967,1205
NEW YORK,1968,3799
NEW YORK,1969,5520
NEW YORK,1970,1568
NEW YORK,1971,4384
NEW YORK,1972,655
NEW YORK,1973,1772
NEW YORK,1974,1416
NEW YORK,1975,1221
NEW YORK,1976,3093
NEW YORK,1977,4630
NEW YORK,1978,1840
NEW YORK,1979,1563
NEW YORK,1980,1930
NEW YORK,1981,349
NEW YORK,1982,182
NEW YORK,1983,31
NEW YORK,1984,146
NEW YORK,1985,166
NEW YORK,1986,945
NEW YORK,1987,436
NEW YORK,1988,92
NEW YORK,1989,291
NEW YORK,1990,806
NEW YORK,1991,1407
NEW YORK,1992,112
NEW YORK,1993,0
NEW YORK,1994,56
NEW YORK,1995,2
NEW YORK,1997,22
NEW YORK,2000,2
NEW YORK,2001,0
NEW YORK,2002,1
NORTH CAROLINA,1928,56207
NORTH CAROLINA,1929,1207
NORTH CAROLINA,1930,1304
NORTH CAROLINA,1931,15299
NORTH CAROLINA,1932,13653
NORTH CAROLINA,1933,16197
NORTH CAROLINA,1934,55684
NORTH CAROLINA,1935,10763
NORTH CAROLINA,1936,1347
NORTH CAROLINA,1937,7652
NORTH CAROLINA,1938,47589
NORTH CAROLINA,1939,23355
NORTH CAROLINA,1940,7523
NORTH CAROLINA,1941,23632
NORTH CAROLINA,1942,20163
NORTH CAROLINA,1943,6067
NORTH CAROLINA,1944,23906
NORTH CAROLINA,1945,2562
NORTH CAROLINA,1946,8346
NORTH CAROLINA,1947,4810
NORTH CAROLINA,1948,1035
NORTH CAROLINA,1949,17306
NORTH CAROLINA,1950,4836
NORTH CAROLINA,1951,3353
NORTH CAROLINA,1952,3847
NORTH CAROLINA,1953,4757
NORTH CAROLINA,1954,9472
NORTH CAROLINA,1955,1259
NORTH CAROLINA,1956,7705
NORTH CAROLINA,1957,1906
NORTH CAROLINA,1958,4103
NORTH CAROLINA,1959,3260
NORTH CAROLINA,1960,1239
NORTH CAROLINA,1961,5162
NORTH CAROLINA,1962,907
NORTH CAROLINA,1963,1449
NORTH CAROLINA,1964,1265
NORTH CAROLINA,1965,419
NORTH CAROLINA,1966,778
NORTH CAROLINA,1967,943
NORTH CAROLINA,1968,324
NORTH CAROLINA,1969,373
NORTH CAROLINA,1970,1013
NORTH CAROLINA,1971,1900
NORTH CAROLINA,1972,37
NORTH CAROLINA,1973,6
NORTH CAROLINA,1974,6
NORTH CAROLINA,1975,3
NORTH CAROLINA,1976,19
NORTH CAROLINA,1977,52
NORTH CAROLINA,1978,125
NORTH CAROLINA,1979,115
NORTH CAROLINA,1980,131
NORTH CAROLINA,1981,6
NORTH CAROLINA,1982,2
NORTH CAROLINA,1985,9
NORTH CAROLINA,1986,4
NORTH CAROLINA,1987,14
NORTH CAROLINA,1988,2
NORTH CAROLINA,1989,195
NORTH CAROLINA,1990,45
NORTH CAROLINA,1991,45
NORTH CAROLINA,1992,25
NORTH CAROLINA,1994,3
NORTH CAROLINA,1996,4
NORTH CAROLINA,1997,2
NORTH CAROLINA,1999,0
NORTH DAKOTA,1928,371
NORTH DAKOTA,1929,2286
NORTH DAKOTA,1930,798
NORTH DAKOTA,1931,966
NORTH DAKOTA,1932,2150
NORTH DAKOTA,1933,2518
NORTH DAKOTA,1934,4419
NORTH DAKOTA,1935,1946
NORTH DAKOTA,1936,110
NORTH DAKOTA,1937,55
NORTH DAKOTA,1938,5589
NORTH DAKOTA,1939,5431
NORTH DAKOTA,1940,961
NORTH DAKOTA,1941,1373
NORTH DAKOTA,1942,1599
NORTH DAKOTA,1943,4362
NORTH DAKOTA,1944,3441
NORTH DAKOTA,1945,350
NORTH DAKOTA,1946,233
NORTH DAKOTA,1947,1366
NORTH DAKOTA,1948,1244
NORTH DAKOTA,1949,1468
NORTH DAKOTA,1950,394
NORTH DAKOTA,1951,2579
NORTH DAKOTA,1952,2633
NORTH DAKOTA,1953,1550
NORTH DAKOTA,1954,2775
NORTH DAKOTA,1955,2508
NORTH DAKOTA,1956,2222
NORTH DAKOTA,1957,3851
NORTH DAKOTA,1958,4330
NORTH DAKOTA,1959,5559
NORTH DAKOTA,1960,2476
NORTH DAKOTA,1961,2814
NORTH DAKOTA,1962,3715
NORTH DAKOTA,1963,4366
NORTH DAKOTA,1964,5278
NORTH DAKOTA,1965,4045
NORTH DAKOTA,1966,1376
NORTH DAKOTA,1967,896
NORTH DAKOTA,1968,142
NORTH DAKOTA,1969,81
NORTH DAKOTA,1970,321
NORTH DAKOTA,1971,228
NORTH DAKOTA,1972,60
NORTH DAKOTA,1973,71
NORTH DAKOTA,1974,37
NORTH DAKOTA,1975,852
NORTH DAKOTA,1976,3
NORTH DAKOTA,1977,31
NORTH DAKOTA,1978,179
NORTH DAKOTA,1979,17
NORTH DAKOTA,1980,0
NORTH DAKOTA,1985,1
NORTH DAKOTA,1986,21
NORTH DAKOTA,1987,0
NORTH DAKOTA,1997,1
OHIO,1928,23522
OHIO,1929,37181
OHIO,1930,18488
OHIO,1931,19500
OHIO,1932,36228
OHIO,1933,15751
OHIO,1934,27713
OHIO,1935,36976
OHIO,1936,9285
OHIO,1937,24944
OHIO,1938,47471
OHIO,1939,5099
OHIO,1940,1559
OHIO,1941,78820
OHIO,1942,8857
OHIO,1943,18987
OHIO,1944,38596
OHIO,1945,3446
OHIO,1946,15059
OHIO,1947,18451
OHIO,1948,22234
OHIO,1949,21389
OHIO,1950,12911
OHIO,1951,23843
OHIO,1952,20528
OHIO,1953,27058
OHIO,1954,28597
OHIO,1955,15356
OHIO,1956,43946
OHIO,1957,8181
OHIO,1958,30025
OHIO,1959,12029
OHIO,1960,18605
OHIO,1961,20569
OHIO,1962,11763
OHIO,1963,14646
OHIO,1964,19266
OHIO,1965,9277
OHIO,1966,6503
OHIO,1967,1220
OHIO,1968,334
OHIO,1969,565
OHIO,1970,4044
OHIO,1971,3984
OHIO,1972,298
OHIO,1973,403
OHIO,1974,2952
OHIO,1975,114
OHIO,1976,726
OHIO,1977,1867
OHIO,1978,501
OHIO,1979,326
OHIO,1980,380
OHIO,1981,20
OHIO,1982,3
OHIO,1983,88
OHIO,1984,10
OHIO,1985,0
OHIO,1987,1
OHIO,1988,96
OHIO,1989,2722
OHIO,1990,567
OHIO,1991,12
OHIO,1992,5
OHIO,1993,11
OHIO,1994,5
OHIO,1995,2
OHIO,1996,6
OHIO,1997,34
OHIO,1998,0
OHIO,2000,3
OHIO,2001,1
OHIO,2002,0
OKLAHOMA,1928,6298
OKLAHOMA,1929,1095
OKLAHOMA,1930,3960
OKLAHOMA,1931,774
OKLAHOMA,1932,1034
OKLAHOMA,1933,2437
OKLAHOMA,1934,9040
OKLAHOMA,1935,2456
OKLAHOMA,1936,360
OKLAHOMA,1937,1065
OKLAHOMA,1938,2714
OKLAHOMA,1939,4539
OKLAHOMA,1940,1409
OKLAHOMA,1941,2008
OKLAHOMA,1942,5781
OKLAHOMA,1943,1677
OKLAHOMA,1944,3409
OKLAHOMA,1945,1038
OKLAHOMA,1946,4022
OKLAHOMA,1947,231
OKLAHOMA,1948,1379
OKLAHOMA,1949,7453
OKLAHOMA,1950,613
OKLAHOMA,1951,7954
OKLAHOMA,1952,2046
OKLAHOMA,1953,3777
OKLAHOMA,1954,3361
OKLAHOMA,1955,2976
OKLAHOMA,1956,10011
OKLAHOMA,1957,1508
OKLAHOMA,1958,7206
OKLAHOMA,1959,668
OKLAHOMA,1960,1208
OKLAHOMA,1961,598
OKLAHOMA,1962,2099
OKLAHOMA,1963,346
OKLAHOMA,1964,1038
OKLAHOMA,1965,244
OKLAHOMA,1966,620
OKLAHOMA,1967,806
OKLAHOMA,1968,124
OKLAHOMA,1969,142
OKLAHOMA,1970,802
OKLAHOMA,1971,666
OKLAHOMA,1972,13
OKLAHOMA,1973,66
OKLAHOMA,1974,29
OKLAHOMA,1975,271
OKLAHOMA,1976,289
OKLAHOMA,1977,52
OKLAHOMA,1978,28
OKLAHOMA,1979,26
OKLAHOMA,1980,702
OKLAHOMA,1981,8
OKLAHOMA,1982,33
OKLAHOMA,1983,1
OKLAHOMA,1984,9
OKLAHOMA,1986,32
OKLAHOMA,1987,4
OKLAHOMA,1988,8
OKLAHOMA,1989,127
OKLAHOMA,1990,177
OKLAHOMA,1992,8
OKLAHOMA,1997,0
OREGON,1928,2089
OREGON,1929,4662
OREGON,1930,2642
OREGON,1931,2343
OREGON,1932,4998
OREGON,1933,2253
OREGON,1934,1906
OREGON,1935,7061
OREGON,1936,9421
OREGON,1937,400
OREGON,1938,1306
OREGON,1939,2379
OREGON,1940,7291
OREGON,1941,6507
OREGON,1942,5526
OREGON,1943,8475
OREGON,1944,2959
OREGON,1945,1956
OREGON,1946,6068
OREGON,1947,980
OREGON,1948,5165
OREGON,1949,9793
OREGON,1950,757
OREGON,1951,9613
OREGON,1952,3324
OREGON,1953,8936
OREGON,1954,3973
OREGON,1955,4897
OREGON,1956,2293
OREGON,1957,15053
OREGON,1958,9088
OREGON,1959,7815
OREGON,1960,11074
OREGON,1961,5755
OREGON,1962,13929
OREGON,1963,4787
OREGON,1964,8553
OREGON,1965,3520
OREGON,1966,2499
OREGON,1967,1717
OREGON,1968,614
OREGON,1969,202
OREGON,1970,455
OREGON,1971,350
OREGON,1972,202
OREGON,1973,446
OREGON,1974,24
OREGON,1975,201
OREGON,1976,175
OREGON,1977,321
OREGON,1978,532
OREGON,1979,73
OREGON,1980,2
OREGON,1981,5
OREGON,1982,19
OREGON,1983,10
OREGON,1985,5
OREGON,1986,7
OREGON,1987,82
OREGON,1988,36
OREGON,1989,41
OREGON,1990,39
OREGON,1991,82
OREGON,1992,9
OREGON,1995,3
OREGON,1996,11
OREGON,1997,3
OREGON,1999,5
OREGON,2001,6
PENNSYLVANIA,1928,57237
PENNSYLVANIA,1929,47605
PENNSYLVANIA,1930,34404
PENNSYLVANIA,1931,79748
PENNSYLVANIA,1932,45957
PENNSYLVANIA,1933,32912
PENNSYLVANIA,1934,83076
PENNSYLVANIA,1935,89661
PENNSYLVANIA,1936,23783
PENNSYLVANIA,1937,38270
PENNSYLVANIA,1938,132342
PENNSYLVANIA,1939,18479
PENNSYLVANIA,1940,14712
PENNSYLVANIA,1941,100230
PENNSYLVANIA,1942,36915
PENNSYLVANIA,1943,53185
PENNSYLVANIA,1944,23641
PENNSYLVANIA,1945,11640
PENNSYLVANIA,1946,60330
PENNSYLVANIA,1947,11561
PENNSYLVANIA,1948,31549
PENNSYLVANIA,1949,50284
PENNSYLVANIA,1950,17382
PENNSYLVANIA,1951,31369
PENNSYLVANIA,1952,37656
PENNSYLVANIA,1953,15586
PENNSYLVANIA,1954,38057
PENNSYLVANIA,1955,18647
PENNSYLVANIA,1956,43664
PENNSYLVANIA,1957,12826
PENNSYLVANIA,1958,33968
PENNSYLVANIA,1959,27808
PENNSYLVANIA,1960,6767
PENNSYLVANIA,1961,25758
PENNSYLVANIA,1962,9437
PENNSYLVANIA,1963,12122
PENNSYLVANIA,1964,11736
PENNSYLVANIA,1965,6644
PENNSYLVANIA,1966,5499
PENNSYLVANIA,1967,792
PENNSYLVANIA,1968,295
PENNSYLVANIA,1969,1251
PENNSYLVANIA,1970,2098
PENNSYLVANIA,1971,1855
PENNSYLVANIA,1972,67
PENNSYLVANIA,1973,404
PENNSYLVANIA,1974,921
PENNSYLVANIA,1975,564
PENNSYLVANIA,1976,3389
PENNSYLVANIA,1977,3216
PENNSYLVANIA,1978,327
PENNSYLVANIA,1979,63
PENNSYLVANIA,1980,1127
PENNSYLVANIA,1981,513
PENNSYLVANIA,1982,7
PENNSYLVANIA,1984,5
PENNSYLVANIA,1985,40
PENNSYLVANIA,1986,27
PENNSYLVANIA,1987,30
PENNSYLVANIA,1988,521
PENNSYLVANIA,1989,236
PENNSYLVANIA,1990,448
PENNSYLVANIA,1991,1402
PENNSYLVANIA,1992,10
PENNSYLVANIA,1994,7
PENNSYLVANIA,1995,1
PENNSYLVANIA,1996,12
PENNSYLVANIA,1997,15
PENNSYLVANIA,1998,3
PENNSYLVANIA,2000,0
PENNSYLVANIA,2001,6
RHODE ISLAND,1928,4986
RHODE ISLAND,1929,1851
RHODE ISLAND,1930,269
RHODE ISLAND,1931,4529
RHODE ISLAND,1932,9970
RHODE ISLAND,1933,63
RHODE ISLAND,1934,444
RHODE ISLAND,1935,6740
RHODE ISLAND,1936,2529
RHODE ISLAND,1937,4714
RHODE ISLAND,1938,252
RHODE ISLAND,1939,2925
RHODE ISLAND,1940,3369
RHODE ISLAND,1941,422
RHODE ISLAND,1942,4559
RHODE ISLAND,1943,2253
RHODE ISLAND,1944,4262
RHODE ISLAND,1945,432
RHODE ISLAND,1946,1237
RHODE ISLAND,1947,3938
RHODE ISLAND,1948,381
RHODE ISLAND,1949,4499
RHODE ISLAND,1950,241
RHODE ISLAND,1951,888
RHODE ISLAND,1952,5341
RHODE ISLAND,1953,505
RHODE ISLAND,1954,1825
RHODE ISLAND,1955,5409
RHODE ISLAND,1956,188
RHODE ISLAND,1957,618
RHODE ISLAND,1958,4263
RHODE ISLAND,1959,308
RHODE ISLAND,1960,1948
RHODE ISLAND,1961,6573
RHODE ISLAND,1962,3301
RHODE ISLAND,1963,1223
RHODE ISLAND,1964,2472
RHODE ISLAND,1965,3972
RHODE ISLAND,1966,88
RHODE ISLAND,1967,62
RHODE ISLAND,1968,67
RHODE ISLAND,1969,27
RHODE ISLAND,1970,110
RHODE ISLAND,1971,241
RHODE ISLAND,1972,510
RHODE ISLAND,1973,647
RHODE ISLAND,1974,62
RHODE ISLAND,1975,5
RHODE ISLAND,1976,21
RHODE ISLAND,1977,64
RHODE ISLAND,1978,8
RHODE ISLAND,1979,103
RHODE ISLAND,1980,2
RHODE ISLAND,1986,2
RHODE ISLAND,1987,2
RHODE ISLAND,1989,39
RHODE ISLAND,1990,30
RHODE ISLAND,1991,4
RHODE ISLAND,1992,23
RHODE ISLAND,1993,1
RHODE ISLAND,1994,7
RHODE ISLAND,1995,5
RHODE ISLAND,1997,5
SOUTH CAROLINA,1928,19798
SOUTH CAROLINA,1929,211
SOUTH CAROLINA,1930,252
SOUTH CAROLINA,1931,3330
SOUTH CAROLINA,1932,3192
SOUTH CAROLINA,1933,6319
SOUTH CAROLINA,1934,11222
SOUTH CAROLINA,1935,818
SOUTH CAROLINA,1936,859
SOUTH CAROLINA,1937,1787
SOUTH CAROLINA,1938,6853
SOUTH CAROLINA,1939,1134
SOUTH CAROLINA,1940,618
SOUTH CAROLINA,1941,9457
SOUTH CAROLINA,1942,4381
SOUTH CAROLINA,1943,3025
SOUTH CAROLINA,1944,7067
SOUTH CAROLINA,1945,1528
SOUTH CAROLINA,1946,6936
SOUTH CAROLINA,1947,3225
SOUTH CAROLINA,1948,2409
SOUTH CAROLINA,1949,9193
SOUTH CAROLINA,1950,1915
SOUTH CAROLINA,1951,743
SOUTH CAROLINA,1952,1786
SOUTH CAROLINA,1953,1949
SOUTH CAROLINA,1954,5546
SOUTH CAROLINA,1955,1173
SOUTH CAROLINA,1956,8576
SOUTH CAROLINA,1957,5644
SOUTH CAROLINA,1958,10879
SOUTH CAROLINA,1959,1946
SOUTH CAROLINA,1960,1284
SOUTH CAROLINA,1961,3292
SOUTH CAROLINA,1962,930
SOUTH CAROLINA,1963,2356
SOUTH CAROLINA,1964,4001
SOUTH CAROLINA,1965,1262
SOUTH CAROLINA,1966,663
SOUTH CAROLINA,1967,517
SOUTH CAROLINA,1968,38
SOUTH CAROLINA,1969,136
SOUTH CAROLINA,1970,638
SOUTH CAROLINA,1971,892
SOUTH CAROLINA,1972,211
SOUTH CAROLINA,1973,79
SOUTH CAROLINA,1974,58
SOUTH CAROLINA,1975,17
SOUTH CAROLINA,1976,5
SOUTH CAROLINA,1977,101
SOUTH CAROLINA,1978,200
SOUTH CAROLINA,1979,105
SOUTH CAROLINA,1980,160
SOUTH CAROLINA,1981,0
SOUTH CAROLINA,1985,1
SOUTH CAROLINA,1986,255
SOUTH CAROLINA,1987,2
SOUTH CAROLINA,1989,18
SOUTH CAROLINA,1990,4
SOUTH CAROLINA,1991,13
SOUTH CAROLINA,1992,29
SOUTH CAROLINA,1997,2
SOUTH DAKOTA,1928,1097
SOUTH DAKOTA,1929,1158
SOUTH DAKOTA,1930,2400
SOUTH DAKOTA,1931,1474
SOUTH DAKOTA,1932,667
SOUTH DAKOTA,1933,2064
SOUTH DAKOTA,1934,9370
SOUTH DAKOTA,1935,1127
SOUTH DAKOTA,1936,224
SOUTH DAKOTA,1937,65
SOUTH DAKOTA,1938,1379
SOUTH DAKOTA,1939,7572
SOUTH DAKOTA,1940,1631
SOUTH DAKOTA,1941,377
SOUTH DAKOTA,1942,844
SOUTH DAKOTA,1943,2979
SOUTH DAKOTA,1944,1463
SOUTH DAKOTA,1945,584
SOUTH DAKOTA,1946,1116
SOUTH DAKOTA,1947,1312
SOUTH DAKOTA,1948,859
SOUTH DAKOTA,1949,993
SOUTH DAKOTA,1950,672
SOUTH DAKOTA,1951,699
SOUTH DAKOTA,1952,755
SOUTH DAKOTA,1953,446
SOUTH DAKOTA,1954,809
SOUTH DAKOTA,1955,422
SOUTH DAKOTA,1956,581
SOUTH DAKOTA,1957,543
SOUTH DAKOTA,1958,121
SOUTH DAKOTA,1959,861
SOUTH DAKOTA,1960,120
SOUTH DAKOTA,1961,151
SOUTH DAKOTA,1962,453
SOUTH DAKOTA,1963,89
SOUTH DAKOTA,1964,69
SOUTH DAKOTA,1965,116
SOUTH DAKOTA,1966,40
SOUTH DAKOTA,1967,58
SOUTH DAKOTA,1968,4
SOUTH DAKOTA,1969,51
SOUTH DAKOTA,1970,106
SOUTH DAKOTA,1971,212
SOUTH DAKOTA,1972,12
SOUTH DAKOTA,1973,3
SOUTH DAKOTA,1974,28
SOUTH DAKOTA,1975,356
SOUTH DAKOTA,1976,5
SOUTH DAKOTA,1977,73
SOUTH DAKOTA,1979,2
SOUTH DAKOTA,1990,16
SOUTH DAKOTA,1997,9
TENNESSEE,1928,8276
TENNESSEE,1929,860
TENNESSEE,1930,4712
TENNESSEE,1931,3581
TENNESSEE,1932,1870
TENNESSEE,1933,3667
TENNESSEE,1934,18036
TENNESSEE,1935,1436
TENNESSEE,1936,1400
TENNESSEE,1937,2974
TENNESSEE,1938,11391
TENNESSEE,1939,3118
TENNESSEE,1940,2797
TENNESSEE,1941,8269
TENNESSEE,1942,3127
TENNESSEE,1943,5796
TENNESSEE,1944,5290
TENNESSEE,1945,1897
TENNESSEE,1946,4626
TENNESSEE,1947,1931
TENNESSEE,1948,4102
TENNESSEE,1949,8179
TENNESSEE,1950,3452
TENNESSEE,1951,2719
TENNESSEE,1952,6725
TENNESSEE,1953,2814
TENNESSEE,1954,13987
TENNESSEE,1955,5876
TENNESSEE,1956,21071
TENNESSEE,1957,15659
TENNESSEE,1958,27544
TENNESSEE,1959,9720
TENNESSEE,1960,19158
TENNESSEE,1961,14600
TENNESSEE,1962,24474
TENNESSEE,1963,6825
TENNESSEE,1964,23734
TENNESSEE,1965,9043
TENNESSEE,1966,12718
TENNESSEE,1967,2068
TENNESSEE,1968,65
TENNESSEE,1969,19
TENNESSEE,1970,546
TENNESSEE,1971,1013
TENNESSEE,1972,195
TENNESSEE,1973,165
TENNESSEE,1974,56
TENNESSEE,1975,178
TENNESSEE,1976,212
TENNESSEE,1977,707
TENNESSEE,1978,1016
TENNESSEE,1979,80
TENNESSEE,1980,179
TENNESSEE,1981,4
TENNESSEE,1982,6
TENNESSEE,1983,1
TENNESSEE,1986,58
TENNESSEE,1988,1
TENNESSEE,1989,139
TENNESSEE,1990,96
TENNESSEE,1991,10
TENNESSEE,1993,0
TENNESSEE,1994,27
TENNESSEE,1996,2
TENNESSEE,1997,3
TENNESSEE,1998,0
TEXAS,1928,5524
TEXAS,1929,4107
TEXAS,1930,4275
TEXAS,1931,2336
TEXAS,1932,4564
TEXAS,1933,21734
TEXAS,1934,29699
TEXAS,1935,3923
TEXAS,1936,7776
TEXAS,1937,14694
TEXAS,1938,6011
TEXAS,1939,7380
TEXAS,1940,16060
TEXAS,1941,20305
TEXAS,1942,34717
TEXAS,1943,16370
TEXAS,1944,37283
TEXAS,1945,12892
TEXAS,1946,29521
TEXAS,1947,8090
TEXAS,1948,44525
TEXAS,1949,57133
TEXAS,1950,13658
TEXAS,1951,65601
TEXAS,1952,23560
TEXAS,1953,73840
TEXAS,1954,75953
TEXAS,1955,39466
TEXAS,1956,66685
TEXAS,1957,42797
TEXAS,1958,82299
TEXAS,1959,33917
TEXAS,1960,49678
TEXAS,1961,16111
TEXAS,1962,66915
TEXAS,1963,16697
TEXAS,1964,39353
TEXAS,1965,29509
TEXAS,1966,25178
TEXAS,1967,13283
TEXAS,1968,5146
TEXAS,1969,4957
TEXAS,1970,8327
TEXAS,1971,9101
TEXAS,1972,1582
TEXAS,1973,500
TEXAS,1974,179
TEXAS,1975,281
TEXAS,1976,262
TEXAS,1977,1889
TEXAS,1978,1047
TEXAS,1979,648
TEXAS,1980,197
TEXAS,1981,924
TEXAS,1982,175
TEXAS,1983,37
TEXAS,1984,543
TEXAS,1985,423
TEXAS,1986,372
TEXAS,1987,417
TEXAS,1988,14
TEXAS,1989,3129
TEXAS,1990,3898
TEXAS,1991,214
TEXAS,1992,1002
TEXAS,1993,10
TEXAS,1994,16
TEXAS,1995,13
TEXAS,1996,27
TEXAS,1997,9
TEXAS,1999,7
TEXAS,2001,0
TEXAS,2002,1
UTAH,1928,85
UTAH,1929,350
UTAH,1930,5318
UTAH,1931,153
UTAH,1932,72
UTAH,1933,2091
UTAH,1934,11405
UTAH,1935,264
UTAH,1936,621
UTAH,1937,2099
UTAH,1938,9682
UTAH,1939,5445
UTAH,1940,7531
UTAH,1941,1550
UTAH,1942,14888
UTAH,1943,7644
UTAH,1944,1215
UTAH,1945,4410
UTAH,1946,7942
UTAH,1947,632
UTAH,1948,5949
UTAH,1949,3533
UTAH,1950,6119
UTAH,1951,2340
UTAH,1952,4727
UTAH,1953,5730
UTAH,1954,7829
UTAH,1955,791
UTAH,1956,2299
UTAH,1957,14454
UTAH,1958,3877
UTAH,1959,5837
UTAH,1960,4966
UTAH,1961,1681
UTAH,1962,4125
UTAH,1963,3080
UTAH,1964,2550
UTAH,1965,4422
UTAH,1966,688
UTAH,1967,385
UTAH,1968,21
UTAH,1969,11
UTAH,1970,39
UTAH,1971,341
UTAH,1972,160
UTAH,1973,129
UTAH,1974,15
UTAH,1975,355
UTAH,1976,2197
UTAH,1977,24
UTAH,1978,46
UTAH,1979,22
UTAH,1980,45
UTAH,1982,3
UTAH,1983,10
UTAH,1984,28
UTAH,1986,13
UTAH,1989,119
UTAH,1990,147
UTAH,1991,220
UTAH,1994,153
UTAH,1995,0
UTAH,1996,119
UTAH,1997,1
UTAH,1999,2
UTAH,2000,3
UTAH,2002,0
VERMONT,1928,1199
VERMONT,1929,378
VERMONT,1930,852
VERMONT,1931,1143
VERMONT,1932,4103
VERMONT,1933,1116
VERMONT,1934,1359
VERMONT,1935,1390
VERMONT,1936,10620
VERMONT,1937,1030
VERMONT,1938,5886
VERMONT,1939,3688
VERMONT,1940,880
VERMONT,1941,1339
VERMONT,1942,3677
VERMONT,1943,7600
VERMONT,1944,2361
VERMONT,1945,568
VERMONT,1946,2938
VERMONT,1947,4776
VERMONT,1948,1462
VERMONT,1949,6315
VERMONT,1950,597
VERMONT,1951,4275
VERMONT,1952,5246
VERMONT,1953,565
VERMONT,1954,2866
VERMONT,1955,7106
VERMONT,1956,1285
VERMONT,1957,2863
VERMONT,1958,2087
VERMONT,1959,2034
VERMONT,1960,3475
VERMONT,1961,1154
VERMONT,1962,2037
VERMONT,1963,1611
VERMONT,1964,2381
VERMONT,1965,1457
VERMONT,1966,327
VERMONT,1967,42
VERMONT,1968,8
VERMONT,1969,3
VERMONT,1970,9
VERMONT,1971,123
VERMONT,1972,80
VERMONT,1973,121
VERMONT,1974,57
VERMONT,1975,74
VERMONT,1976,169
VERMONT,1977,235
VERMONT,1978,53
VERMONT,1979,119
VERMONT,1980,216
VERMONT,1981,2
VERMONT,1982,2
VERMONT,1984,4
VERMONT,1987,22
VERMONT,1989,1
VERMONT,1991,4
VERMONT,1993,31
VERMONT,1994,1
VERMONT,1996,1
VERMONT,1997,59
VERMONT,1998,0
VERMONT,2000,1
VERMONT,2001,1
VIRGINIA,1932,1309
VIRGINIA,1933,8656
VIRGINIA,1934,28795
VIRGINIA,1935,18329
VIRGINIA,1936,3263
VIRGINIA,1937,8739
VIRGINIA,1938,12557
VIRGINIA,1939,10529
VIRGINIA,1940,5550
VIRGINIA,1941,29558
VIRGINIA,1942,5398
VIRGINIA,1943,10684
VIRGINIA,1944,15444
VIRGINIA,1945,2058
VIRGINIA,1946,12393
VIRGINIA,1947,7753
VIRGINIA,1948,6135
VIRGINIA,1949,21377
VIRGINIA,1950,2832
VIRGINIA,1951,14035
VIRGINIA,1952,13200
VIRGINIA,1953,4943
VIRGINIA,1954,23945
VIRGINIA,1955,4310
VIRGINIA,1956,23616
VIRGINIA,1957,4946
VIRGINIA,1958,21533
VIRGINIA,1959,13801
VIRGINIA,1960,7396
VIRGINIA,1961,11709
VIRGINIA,1962,9660
VIRGINIA,1963,7377
VIRGINIA,1964,11973
VIRGINIA,1965,4117
VIRGINIA,1966,2256
VIRGINIA,1967,2346
VIRGINIA,1968,433
VIRGINIA,1969,934
VIRGINIA,1970,2466
VIRGINIA,1971,1563
VIRGINIA,1972,77
VIRGINIA,1973,435
VIRGINIA,1974,43
VIRGINIA,1975,43
VIRGINIA,1976,856
VIRGINIA,1977,2676
VIRGINIA,1978,2648
VIRGINIA,1979,320
VIRGINIA,1980,358
VIRGINIA,1981,13
VIRGINIA,1982,8
VIRGINIA,1983,21
VIRGINIA,1984,4
VIRGINIA,1985,28
VIRGINIA,1986,51
VIRGINIA,1987,1
VIRGINIA,1988,212
VIRGINIA,1989,25
VIRGINIA,1990,75
VIRGINIA,1991,21
VIRGINIA,1992,15
VIRGINIA,1994,2
VIRGINIA,1996,1
VIRGINIA,1997,2
VIRGINIA,1998,0
VIRGINIA,1999,18
VIRGINIA,2000,2
VIRGINIA,2001,1
WASHINGTON,1928,5348
WASHINGTON,1929,3866
WASHINGTON,1930,9904
WASHINGTON,1931,3121
WASHINGTON,1932,10009
WASHINGTON,1933,2481
WASHINGTON,1934,7628
WASHINGTON,1935,8560
WASHINGTON,1936,7665
WASHINGTON,1937,1737
WASHINGTON,1938,1909
WASHINGTON,1939,19868
WASHINGTON,1940,16005
WASHINGTON,1941,2116
WASHINGTON,1942,12276
WASHINGTON,1943,15510
WASHINGTON,1944,5524
WASHINGTON,1945,6436
WASHINGTON,1946,11753
WASHINGTON,1947,1413
WASHINGTON,1948,10876
WASHINGTON,1949,12644
WASHINGTON,1950,3404
WASHINGTON,1951,17776
WASHINGTON,1952,5973
WASHINGTON,1953,11667
WASHINGTON,1954,21574
WASHINGTON,1955,11068
WASHINGTON,1956,12842
WASHINGTON,1957,16735
WASHINGTON,1958,10654
WASHINGTON,1959,14457
WASHINGTON,1960,13023
WASHINGTON,1961,8685
WASHINGTON,1962,20714
WASHINGTON,1963,4933
WASHINGTON,1964,19978
WASHINGTON,1965,7587
WASHINGTON,1966,5096
WASHINGTON,1967,5679
WASHINGTON,1968,598
WASHINGTON,1969,56
WASHINGTON,1970,678
WASHINGTON,1971,1142
WASHINGTON,1972,987
WASHINGTON,1973,888
WASHINGTON,1974,79
WASHINGTON,1975,300
WASHINGTON,1976,387
WASHINGTON,1977,481
WASHINGTON,1978,429
WASHINGTON,1979,1039
WASHINGTON,1980,173
WASHINGTON,1981,4
WASHINGTON,1982,37
WASHINGTON,1983,31
WASHINGTON,1984,172
WASHINGTON,1985,89
WASHINGTON,1986,214
WASHINGTON,1987,48
WASHINGTON,1988,7
WASHINGTON,1989,52
WASHINGTON,1990,329
WASHINGTON,1991,77
WASHINGTON,1995,22
WASHINGTON,1996,51
WASHINGTON,1997,15
WASHINGTON,1998,0
WASHINGTON,2000,0
WASHINGTON,2001,0
WEST VIRGINIA,1928,3323
WEST VIRGINIA,1929,6527
WEST VIRGINIA,1930,2733
WEST VIRGINIA,1931,5070
WEST VIRGINIA,1932,10476
WEST VIRGINIA,1933,5315
WEST VIRGINIA,1934,4105
WEST VIRGINIA,1935,10870
WEST VIRGINIA,1936,1144
WEST VIRGINIA,1937,1995
WEST VIRGINIA,1938,10881
WEST VIRGINIA,1939,1856
WEST VIRGINIA,1940,574
WEST VIRGINIA,1941,11165
WEST VIRGINIA,1942,5564
WEST VIRGINIA,1943,2330
WEST VIRGINIA,1944,8484
WEST VIRGINIA,1945,1361
WEST VIRGINIA,1946,2568
WEST VIRGINIA,1947,2705
WEST VIRGINIA,1948,5611
WEST VIRGINIA,1949,3637
WEST VIRGINIA,1950,5881
WEST VIRGINIA,1951,4509
WEST VIRGINIA,1952,5289
WEST VIRGINIA,1953,5972
WEST VIRGINIA,1954,9755
WEST VIRGINIA,1955,3839
WEST VIRGINIA,1956,10903
WEST VIRGINIA,1957,3411
WEST VIRGINIA,1958,12125
WEST VIRGINIA,1959,7538
WEST VIRGINIA,1960,3528
WEST VIRGINIA,1961,7842
WEST VIRGINIA,1962,9970
WEST VIRGINIA,1963,12505
WEST VIRGINIA,1964,9321
WEST VIRGINIA,1965,14872
WEST VIRGINIA,1966,5564
WEST VIRGINIA,1967,1496
WEST VIRGINIA,1968,362
WEST VIRGINIA,1969,242
WEST VIRGINIA,1970,349
WEST VIRGINIA,1971,575
WEST VIRGINIA,1972,279
WEST VIRGINIA,1973,226
WEST VIRGINIA,1974,234
WEST VIRGINIA,1975,220
WEST VIRGINIA,1976,212
WEST VIRGINIA,1977,267
WEST VIRGINIA,1978,885
WEST VIRGINIA,1979,89
WEST VIRGINIA,1980,35
WEST VIRGINIA,1981,12
WEST VIRGINIA,1982,2
WEST VIRGINIA,1983,1
WEST VIRGINIA,1985,47
WEST VIRGINIA,1986,2
WEST VIRGINIA,1988,6
WEST VIRGINIA,1989,53
WEST VIRGINIA,1990,6
WEST VIRGINIA,1994,36
WEST VIRGINIA,1997,1
WISCONSIN,1928,3642
WISCONSIN,1929,29825
WISCONSIN,1930,22082
WISCONSIN,1931,15146
WISCONSIN,1932,28255
WISCONSIN,1933,9651
WISCONSIN,1934,40706
WISCONSIN,1935,43453
WISCONSIN,1936,3900
WISCONSIN,1937,2055
WISCONSIN,1938,72746
WISCONSIN,1939,23975
WISCONSIN,1940,20007
WISCONSIN,1941,31184
WISCONSIN,1942,23870
WISCONSIN,1943,38898
WISCONSIN,1944,41957
WISCONSIN,1945,4903
WISCONSIN,1946,42237
WISCONSIN,1947,12454
WISCONSIN,1948,30693
WISCONSIN,1949,39712
WISCONSIN,1950,18796
WISCONSIN,1951,32948
WISCONSIN,1952,39581
WISCONSIN,1953,40911
WISCONSIN,1954,10448
WISCONSIN,1955,51103
WISCONSIN,1956,26782
WISCONSIN,1957,37181
WISCONSIN,1958,64000
WISCONSIN,1959,14972
WISCONSIN,1960,43191
WISCONSIN,1961,37401
WISCONSIN,1962,14793
WISCONSIN,1963,58107
WISCONSIN,1964,15425
WISCONSIN,1965,20407
WISCONSIN,1966,31459
WISCONSIN,1967,2131
WISCONSIN,1968,1384
WISCONSIN,1969,671
WISCONSIN,1970,1384
WISCONSIN,1971,3942
WISCONSIN,1972,3455
WISCONSIN,1973,1361
WISCONSIN,1974,637
WISCONSIN,1975,1472
WISCONSIN,1976,4096
WISCONSIN,1977,2107
WISCONSIN,1978,1557
WISCONSIN,1979,647
WISCONSIN,1980,1479
WISCONSIN,1981,6
WISCONSIN,1982,1
WISCONSIN,1984,32
WISCONSIN,1985,58
WISCONSIN,1986,279
WISCONSIN,1987,146
WISCONSIN,1989,316
WISCONSIN,1990,657
WISCONSIN,1991,7
WISCONSIN,1993,0
WISCONSIN,1994,2
WISCONSIN,1995,0
WISCONSIN,1996,1
WISCONSIN,1997,0
WISCONSIN,1998,0
WYOMING,1928,500
WYOMING,1929,696
WYOMING,1930,772
WYOMING,1931,139
WYOMING,1932,557
WYOMING,1933,573
WYOMING,1934,2254
WYOMING,1935,2217
WYOMING,1936,138
WYOMING,1937,170
WYOMING,1938,889
WYOMING,1939,3458
WYOMING,1940,990
WYOMING,1941,944
WYOMING,1942,1596
WYOMING,1943,2691
WYOMING,1944,1763
WYOMING,1945,377
WYOMING,1946,1011
WYOMING,1947,440
WYOMING,1948,2167
WYOMING,1949,558
WYOMING,1950,609
WYOMING,1951,2193
WYOMING,1952,681
WYOMING,1953,1443
WYOMING,1954,1148
WYOMING,1955,555
WYOMING,1956,1999
WYOMING,1957,218
WYOMING,1958,1365
WYOMING,1959,900
WYOMING,1960,694
WYOMING,1961,484
WYOMING,1962,476
WYOMING,1963,329
WYOMING,1964,286
WYOMING,1965,751
WYOMING,1966,235
WYOMING,1967,207
WYOMING,1968,55
WYOMING,1969,8
WYOMING,1970,11
WYOMING,1971,85
WYOMING,1972,51
WYOMING,1973,72
WYOMING,1974,17
WYOMING,1975,3
WYOMING,1976,4
WYOMING,1977,25
WYOMING,1979,2
WYOMING,1981,1
WYOMING,1982,0
WYOMING,1985,5
WYOMING,1991,3
WYOMING,1992,1
WYOMING,1996,1
WYOMING,1997,3
